-- phpMyAdmin SQL Dump
-- version 5.2.1
-- https://www.phpmyadmin.net/
--
-- Servidor: 127.0.0.1
-- Tiempo de generación: 09-12-2025 a las 19:14:40
-- Versión del servidor: 10.4.32-MariaDB
-- Versión de PHP: 8.2.12

SET SQL_MODE = "NO_AUTO_VALUE_ON_ZERO";
START TRANSACTION;
SET time_zone = "+00:00";


/*!40101 SET @OLD_CHARACTER_SET_CLIENT=@@CHARACTER_SET_CLIENT */;
/*!40101 SET @OLD_CHARACTER_SET_RESULTS=@@CHARACTER_SET_RESULTS */;
/*!40101 SET @OLD_COLLATION_CONNECTION=@@COLLATION_CONNECTION */;
/*!40101 SET NAMES utf8mb4 */;

--
-- Base de datos: `olimpiadas`
--

-- --------------------------------------------------------

--
-- Estructura de tabla para la tabla `deportes`
--

CREATE TABLE `deportes` (
  `codigo` varchar(2) NOT NULL DEFAULT '',
  `nombre` varchar(22) DEFAULT NULL
) ENGINE=InnoDB DEFAULT CHARSET=utf8 COLLATE=utf8_spanish_ci;

--
-- Volcado de datos para la tabla `deportes`
--

INSERT INTO `deportes` (`codigo`, `nombre`) VALUES
('ar', 'Tiro con arco'),
('at', 'Atletismo'),
('bd', 'Bádminton'),
('bk', 'Baloncesto'),
('bv', 'Voleibol de playa'),
('bx', 'Boxeo'),
('cb', 'Ciclismo BMX'),
('cf', 'Canotaje de velocidad'),
('cm', 'Ciclismo de montaña'),
('cr', 'Ciclismo de ruta'),
('cs', 'Canotaje eslalon'),
('ct', 'Ciclismo de pista'),
('dv', 'Clavados'),
('eq', 'Ecuestre'),
('fb', 'Fútbol'),
('fe', 'Esgrima'),
('ga', 'Gimnasia artística'),
('go', 'Golf'),
('gr', 'Gimnasia rítmica'),
('gt', 'Gimnasia en trampolín'),
('hb', 'Balonmano'),
('ho', 'Hockey sobre césped'),
('ju', 'Judo'),
('mp', 'Pentatlón moderno'),
('ow', 'Aguas abiertas'),
('ro', 'Remo'),
('ru', 'Rugby a siete'),
('sa', 'Vela'),
('sh', 'Tiro'),
('sw', 'Natación'),
('sy', 'Nado sincronizado'),
('te', 'Tenis'),
('tk', 'Taekwondo'),
('tr', 'Triatlón'),
('tt', 'Tenis de mesa'),
('vo', 'Voleibol'),
('wl', 'Levantamiento de pesas'),
('wp', 'Polo acuático'),
('wr', 'Lucha');

-- --------------------------------------------------------

--
-- Estructura de tabla para la tabla `medallas`
--

CREATE TABLE `medallas` (
  `id` int(11) NOT NULL,
  `modalidad` varchar(4) CHARACTER SET utf8 COLLATE utf8_spanish_ci DEFAULT NULL,
  `metal` varchar(6) CHARACTER SET utf8 COLLATE utf8_spanish_ci DEFAULT NULL,
  `pais` varchar(3) CHARACTER SET utf8 COLLATE utf8_spanish_ci DEFAULT NULL,
  `ganador` varchar(35) CHARACTER SET utf8 COLLATE utf8_spanish_ci DEFAULT NULL
) ENGINE=InnoDB DEFAULT CHARSET=utf8 COLLATE=utf8_general_ci;

--
-- Volcado de datos para la tabla `medallas`
--

INSERT INTO `medallas` (`id`, `modalidad`, `metal`, `pais`, `ganador`) VALUES
(1, 'ow0', 'oro', 'NED', 'VAN ROUWENDAAL Sharon'),
(2, 'ow0', 'plata', 'ITA', 'BRUNI Rachele'),
(3, 'ow0', 'bronce', 'BRA', 'OKIMOTO Poliana'),
(4, 'ow1', 'oro', 'NED', 'WEERTMAN Ferry'),
(5, 'ow1', 'plata', 'GRE', 'GIANNIOTIS Spiros'),
(6, 'ow1', 'bronce', 'FRA', 'OLIVIER Marc-Antoine'),
(7, 'at0', 'oro', 'JAM', 'BOLT Usain'),
(8, 'at0', 'plata', 'USA', 'GATLIN Justin'),
(9, 'at0', 'bronce', 'CAN', 'DE GRASSE Andre'),
(10, 'at1', 'oro', 'JAM', 'BOLT Usain'),
(11, 'at1', 'plata', 'CAN', 'DE GRASSE Andre'),
(12, 'at1', 'bronce', 'FRA', 'LEMAITRE Christophe'),
(13, 'at2', 'oro', 'RSA', 'VAN NIEKERK Wayde'),
(14, 'at2', 'plata', 'GRN', 'JAMES Kirani'),
(15, 'at2', 'bronce', 'USA', 'MERRITT Lashawn'),
(16, 'at3', 'oro', 'KEN', 'RUDISHA David Lekuta'),
(17, 'at3', 'plata', 'ALG', 'MAKHLOUFI Taoufik'),
(18, 'at3', 'bronce', 'USA', 'MURPHY Clayton'),
(19, 'at4', 'oro', 'USA', 'CENTROWITZ Matthew'),
(20, 'at4', 'plata', 'ALG', 'MAKHLOUFI Taoufik'),
(21, 'at4', 'bronce', 'NZL', 'WILLIS Nicholas'),
(22, 'at5', 'oro', 'GBR', 'FARAH Mohamed'),
(23, 'at5', 'plata', 'USA', 'CHELIMO Paul Kipkemoi'),
(24, 'at5', 'bronce', 'ETH', 'GEBRHIWET Hagos'),
(25, 'at6', 'oro', 'GBR', 'FARAH Mohamed'),
(26, 'at6', 'plata', 'KEN', 'TANUI Paul Kipngetich'),
(27, 'at6', 'bronce', 'ETH', 'TOLA Tamirat'),
(28, 'at7', 'oro', 'KEN', 'KIPCHOGE Eliud'),
(29, 'at7', 'plata', 'ETH', 'LILESA Feyisa'),
(30, 'at7', 'bronce', 'USA', 'RUPP Galen'),
(31, 'at8', 'oro', 'KEN', 'KIPRUTO Conseslus'),
(32, 'at8', 'plata', 'USA', 'JAGER Evan'),
(33, 'at8', 'bronce', 'FRA', 'MEKHISSI Mahiedine'),
(34, 'at9', 'oro', 'JAM', 'MCLEOD Omar'),
(35, 'at9', 'plata', 'ESP', 'ORTEGA Orlando'),
(36, 'at9', 'bronce', 'FRA', 'BASCOU Dimitri'),
(37, 'at10', 'oro', 'USA', 'CLEMENT Kerron'),
(38, 'at10', 'plata', 'KEN', 'TUMUTI Boniface Mucheru'),
(39, 'at10', 'bronce', 'TUR', 'COPELLO Yasmani'),
(40, 'at11', 'oro', 'CAN', 'DROUIN Derek'),
(41, 'at11', 'plata', 'QAT', 'BARSHIM Mutaz Essa'),
(42, 'at11', 'bronce', 'UKR', 'BONDARENKO Bohdan'),
(43, 'at12', 'oro', 'BRA', 'DA SILVA Thiago Braz'),
(44, 'at12', 'plata', 'FRA', 'LAVILLENIE Renaud'),
(45, 'at12', 'bronce', 'USA', 'KENDRICKS Sam'),
(46, 'at13', 'oro', 'USA', 'HENDERSON Jeff'),
(47, 'at13', 'plata', 'RSA', 'MANYONGA Luvo'),
(48, 'at13', 'bronce', 'GBR', 'RUTHERFORD Greg'),
(49, 'at14', 'oro', 'USA', 'TAYLOR Christian'),
(50, 'at14', 'plata', 'USA', 'CLAYE Will'),
(51, 'at14', 'bronce', 'CHN', 'DONG Bin'),
(52, 'at15', 'oro', 'USA', 'CROUSER Ryan'),
(53, 'at15', 'plata', 'USA', 'KOVACS Joe'),
(54, 'at15', 'bronce', 'NZL', 'WALSH Tomas'),
(55, 'at16', 'oro', 'GER', 'HARTING Christoph'),
(56, 'at16', 'plata', 'POL', 'MALACHOWSKI Piotr'),
(57, 'at16', 'bronce', 'GER', 'JASINSKI Daniel'),
(58, 'at17', 'oro', 'TJK', 'NAZAROV Dilshod'),
(59, 'at17', 'plata', 'BLR', 'TSIKHAN Ivan'),
(60, 'at17', 'bronce', 'POL', 'NOWICKI Wojciech'),
(61, 'at18', 'oro', 'GER', 'ROHLER Thomas'),
(62, 'at18', 'plata', 'KEN', 'YEGO Julius'),
(63, 'at18', 'bronce', 'TTO', 'WALCOTT Keshorn'),
(64, 'at19', 'oro', 'USA', 'EATON Ashton'),
(65, 'at19', 'plata', 'FRA', 'MAYER Kevin'),
(66, 'at19', 'bronce', 'CAN', 'WARNER Damian'),
(67, 'at20', 'oro', 'CHN', 'WANG Zhen'),
(68, 'at20', 'plata', 'CHN', 'CAI Zelin'),
(69, 'at20', 'bronce', 'AUS', 'BIRD-SMITH Dane'),
(70, 'at21', 'oro', 'SVK', 'TOTH Matej'),
(71, 'at21', 'plata', 'AUS', 'TALLENT Jared'),
(72, 'at21', 'bronce', 'JPN', 'ARAI Hirooki'),
(73, 'at22', 'oro', 'JAM', 'Jamaica'),
(74, 'at22', 'plata', 'JPN', 'Japan'),
(75, 'at22', 'bronce', 'CAN', 'Canada'),
(76, 'at23', 'oro', 'USA', 'United States'),
(77, 'at23', 'plata', 'JAM', 'Jamaica'),
(78, 'at23', 'bronce', 'BAH', 'Bahamas'),
(79, 'at24', 'oro', 'JAM', 'THOMPSON Elaine'),
(80, 'at24', 'plata', 'USA', 'BOWIE Tori'),
(81, 'at24', 'bronce', 'JAM', 'FRASER-PRYCE Shelly-Ann'),
(82, 'at25', 'oro', 'JAM', 'THOMPSON Elaine'),
(83, 'at25', 'plata', 'NED', 'SCHIPPERS Dafne'),
(84, 'at25', 'bronce', 'USA', 'BOWIE Tori'),
(85, 'at26', 'oro', 'BAH', 'MILLER Shaunae'),
(86, 'at26', 'plata', 'USA', 'FELIX Allyson'),
(87, 'at26', 'bronce', 'JAM', 'JACKSON Shericka'),
(88, 'at27', 'oro', 'RSA', 'SEMENYA Caster'),
(89, 'at27', 'plata', 'BDI', 'NIYONSABA Francine'),
(90, 'at27', 'bronce', 'KEN', 'WAMBUI Margaret Nyairera'),
(91, 'at28', 'oro', 'KEN', 'KIPYEGON Faith Chepngetich'),
(92, 'at28', 'plata', 'ETH', 'DIBABA Genzebe'),
(93, 'at28', 'bronce', 'USA', 'SIMPSON Jennifer'),
(94, 'at29', 'oro', 'KEN', 'CHERUIYOT Vivian Jepkemoi'),
(95, 'at29', 'plata', 'KEN', 'OBIRI Hellen Onsando'),
(96, 'at29', 'bronce', 'ETH', 'AYANA Almaz'),
(97, 'at30', 'oro', 'ETH', 'AYANA Almaz'),
(98, 'at30', 'plata', 'KEN', 'CHERUIYOT Vivian Jepkemoi'),
(99, 'at30', 'bronce', 'ETH', 'DIBABA Tirunesh'),
(100, 'at31', 'oro', 'KEN', 'SUMGONG Jemima Jelagat'),
(101, 'at31', 'plata', 'BRN', 'KIRWA Eunice Jepkirui'),
(102, 'at31', 'bronce', 'ETH', 'DIBABA Mare'),
(103, 'at32', 'oro', 'BRN', 'JEBET Ruth'),
(104, 'at32', 'plata', 'KEN', 'JEPKEMOI Hyvin Kiyeng'),
(105, 'at32', 'bronce', 'USA', 'COBURN Emma'),
(106, 'at33', 'oro', 'USA', 'ROLLINS Brianna'),
(107, 'at33', 'plata', 'USA', 'ALI Nia'),
(108, 'at33', 'bronce', 'USA', 'CASTLIN Kristi'),
(109, 'at34', 'oro', 'USA', 'MUHAMMAD Dalilah'),
(110, 'at34', 'plata', 'DEN', 'PETERSEN Sara Slott'),
(111, 'at34', 'bronce', 'USA', 'SPENCER Ashley'),
(112, 'at35', 'oro', 'ESP', 'BEITIA Ruth'),
(113, 'at35', 'plata', 'BUL', 'DEMIREVA Mirela'),
(114, 'at35', 'bronce', 'CRO', 'VLASIC Blanka'),
(115, 'at36', 'oro', 'GRE', 'STEFANIDI Ekaterini'),
(116, 'at36', 'plata', 'USA', 'MORRIS Sandi'),
(117, 'at36', 'bronce', 'NZL', 'MCCARTNEY Eliza'),
(118, 'at37', 'oro', 'USA', 'BARTOLETTA Tianna'),
(119, 'at37', 'plata', 'USA', 'REESE Brittney'),
(120, 'at37', 'bronce', 'SRB', 'SPANOVIC Ivana'),
(121, 'at38', 'oro', 'COL', 'IBARGUEN Caterine'),
(122, 'at38', 'plata', 'VEN', 'ROJAS Yulimar'),
(123, 'at38', 'bronce', 'KAZ', 'RYPAKOVA Olga'),
(124, 'at39', 'oro', 'USA', 'CARTER Michelle'),
(125, 'at39', 'plata', 'NZL', 'ADAMS Valerie'),
(126, 'at39', 'bronce', 'HUN', 'MARTON Anita'),
(127, 'at40', 'oro', 'CRO', 'PERKOVIC Sandra'),
(128, 'at40', 'plata', 'FRA', 'ROBERT-MICHON Melina'),
(129, 'at40', 'bronce', 'CUB', 'CABALLERO Denia'),
(130, 'at41', 'oro', 'POL', 'WLODARCZYK Anita'),
(131, 'at41', 'plata', 'CHN', 'ZHANG Wenxiu'),
(132, 'at41', 'bronce', 'GBR', 'HITCHON Sophie'),
(133, 'at42', 'oro', 'CRO', 'KOLAK Sara'),
(134, 'at42', 'plata', 'RSA', 'VILJOEN Sunette'),
(135, 'at42', 'bronce', 'CZE', 'SPOTAKOVA Barbora'),
(136, 'at43', 'oro', 'BEL', 'THIAM Nafissatou'),
(137, 'at43', 'plata', 'GBR', 'ENNIS-HILL Jessica'),
(138, 'at43', 'bronce', 'CAN', 'THEISEN EATON Brianne'),
(139, 'at44', 'oro', 'CHN', 'LIU Hong'),
(140, 'at44', 'plata', 'MEX', 'GONZALEZ Maria Guadalupe'),
(141, 'at44', 'bronce', 'CHN', 'LU Xiuzhi'),
(142, 'at45', 'oro', 'USA', 'United States'),
(143, 'at45', 'plata', 'JAM', 'Jamaica'),
(144, 'at45', 'bronce', 'GBR', 'Great Britain'),
(145, 'at46', 'oro', 'USA', 'United States'),
(146, 'at46', 'plata', 'JAM', 'Jamaica'),
(147, 'at46', 'bronce', 'GBR', 'Great Britain'),
(148, 'bd0', 'oro', 'CHN', 'CHEN Long'),
(149, 'bd0', 'plata', 'MAS', 'LEE Chong Wei'),
(150, 'bd0', 'bronce', 'DEN', 'AXELSEN Viktor'),
(151, 'bd1', 'oro', 'ESP', 'MARIN Carolina'),
(152, 'bd1', 'plata', 'IND', 'PUSARLA V. Sindhu'),
(153, 'bd1', 'bronce', 'JPN', 'OKUHARA Nozomi'),
(154, 'bd2', 'oro', 'CHN', 'Zhang / Fu'),
(155, 'bd2', 'plata', 'MAS', 'Goh / Tan'),
(156, 'bd2', 'bronce', 'GBR', 'Ellis / Langridge'),
(157, 'bd3', 'oro', 'JPN', 'Takahashi / Matsutomo'),
(158, 'bd3', 'plata', 'DEN', 'Rytter juhl / Pedersen'),
(159, 'bd3', 'bronce', 'KOR', 'Jung / Shin'),
(160, 'bd4', 'oro', 'INA', 'Natsir / Ahmad'),
(161, 'bd4', 'plata', 'MAS', 'Chan / Goh'),
(162, 'bd4', 'bronce', 'CHN', 'Zhang / Zhao'),
(163, 'bk0', 'oro', 'USA', 'United States'),
(164, 'bk0', 'plata', 'SRB', 'Serbia'),
(165, 'bk0', 'bronce', 'ESP', 'Spain'),
(166, 'bk1', 'oro', 'USA', 'United States'),
(167, 'bk1', 'plata', 'ESP', 'Spain'),
(168, 'bk1', 'bronce', 'SRB', 'Serbia'),
(169, 'hb0', 'oro', 'DEN', 'Denmark'),
(170, 'hb0', 'plata', 'FRA', 'France'),
(171, 'hb0', 'bronce', 'GER', 'Germany'),
(172, 'hb1', 'oro', 'RUS', 'Russian Federation'),
(173, 'hb1', 'plata', 'FRA', 'France'),
(174, 'hb1', 'bronce', 'NOR', 'Norway'),
(175, 'bx0', 'oro', 'UZB', 'DUSMATOV Hasanboy'),
(176, 'bx0', 'plata', 'COL', 'MARTINEZ Yurberjen Herney'),
(177, 'bx0', 'bronce', 'USA', 'HERNANDEZ Nico Miguel'),
(178, 'bx0', 'bronce', 'CUB', 'ARGILAGOS Joahnys'),
(179, 'bx1', 'oro', 'UZB', 'ZOIROV Shakhobidin'),
(180, 'bx1', 'plata', 'RUS', 'ALOIAN Misha'),
(181, 'bx1', 'bronce', 'VEN', 'FINOL Yoel Segundo'),
(182, 'bx1', 'bronce', 'CHN', 'HU Jianguan'),
(183, 'bx2', 'oro', 'CUB', 'RAMIREZ Robeisy'),
(184, 'bx2', 'plata', 'USA', 'STEVENSON Shakur'),
(185, 'bx2', 'bronce', 'UZB', 'AKHMADALIEV Murodjon'),
(186, 'bx2', 'bronce', 'RUS', 'NIKITIN Vladimir'),
(187, 'bx3', 'oro', 'BRA', 'CONCEICAO Robson'),
(188, 'bx3', 'plata', 'FRA', 'OUMIHA Sofiane'),
(189, 'bx3', 'bronce', 'CUB', 'ALVAREZ Lazaro Jorge'),
(190, 'bx3', 'bronce', 'MGL', 'DORJNYAMBUU Otgondalai'),
(191, 'bx4', 'oro', 'UZB', 'GAIBNAZAROV Fazliddin'),
(192, 'bx4', 'plata', 'AZE', 'SOTOMAYOR COLLAZO Lorenzo'),
(193, 'bx4', 'bronce', 'GER', 'HARUTYUNYAN Artem'),
(194, 'bx4', 'bronce', 'RUS', 'DUNAYTSEV Vitaly'),
(195, 'bx5', 'oro', 'KAZ', 'YELEUSSINOV Daniyar'),
(196, 'bx5', 'plata', 'UZB', 'GIYASOV Shakhram'),
(197, 'bx5', 'bronce', 'MAR', 'RABII Mohammed'),
(198, 'bx5', 'bronce', 'FRA', 'CISSOKHO Souleymane Diop'),
(199, 'bx6', 'oro', 'CUB', 'LOPEZ Arlen'),
(200, 'bx6', 'plata', 'UZB', 'MELIKUZIEV Bektemir'),
(201, 'bx6', 'bronce', 'MEX', 'RODRIGUEZ Misael Uziel'),
(202, 'bx6', 'bronce', 'AZE', 'SHAKHSUVARLY Kamran'),
(203, 'bx7', 'oro', 'CUB', 'LA CRUZ Julio Cesar'),
(204, 'bx7', 'plata', 'KAZ', 'NIYAZYMBETOV Adilbek'),
(205, 'bx7', 'bronce', 'FRA', 'BAUDERLIQUE Mathieu Albert Daniel'),
(206, 'bx7', 'bronce', 'GBR', 'BUATSI Joshua'),
(207, 'bx8', 'oro', 'RUS', 'TISHCHENKO Evgeny'),
(208, 'bx8', 'plata', 'KAZ', 'LEVIT Vassiliy'),
(209, 'bx8', 'bronce', 'UZB', 'TULAGANOV Rustam'),
(210, 'bx8', 'bronce', 'CUB', 'SAVON Erislandy'),
(211, 'bx9', 'oro', 'FRA', 'YOKA Tony Victor James'),
(212, 'bx9', 'plata', 'GBR', 'JOYCE Joe'),
(213, 'bx9', 'bronce', 'KAZ', 'DYCHKO Ivan'),
(214, 'bx9', 'bronce', 'CRO', 'HRGOVIC Filip'),
(215, 'bx10', 'oro', 'GBR', 'ADAMS Nicola'),
(216, 'bx10', 'plata', 'FRA', 'OURAHMOUNE Sarah'),
(217, 'bx10', 'bronce', 'CHN', 'REN Cancan'),
(218, 'bx10', 'bronce', 'COL', 'VALENCIA VICTORIA Ingrit Lorena'),
(219, 'bx11', 'oro', 'FRA', 'MOSSELY Estelle'),
(220, 'bx11', 'plata', 'CHN', 'YIN Junhua'),
(221, 'bx11', 'bronce', 'FIN', 'POTKONEN Mira'),
(222, 'bx11', 'bronce', 'RUS', 'BELIAKOVA Anastasiia'),
(223, 'bx12', 'oro', 'USA', 'SHIELDS Claressa Maria'),
(224, 'bx12', 'plata', 'NED', 'FONTIJN Nouchka'),
(225, 'bx12', 'bronce', 'CHN', 'LI Qian'),
(226, 'bx12', 'bronce', 'KAZ', 'SHAKIMOVA Dariga'),
(227, 'cf0', 'oro', 'GBR', 'HEATH Liam'),
(228, 'cf0', 'plata', 'FRA', 'BEAUMONT Maxime'),
(229, 'cf0', 'bronce', 'ESP', 'CRAVIOTTO Saul'),
(230, 'cf0', 'bronce', 'GER', 'RAUHE Ronald'),
(231, 'cf1', 'oro', 'ESP', 'WALZ Marcus'),
(232, 'cf1', 'plata', 'CZE', 'DOSTAL Josef'),
(233, 'cf1', 'bronce', 'RUS', 'ANOSHKIN Roman'),
(234, 'cf2', 'oro', 'ESP', 'Craviotto / Toro'),
(235, 'cf2', 'plata', 'GBR', 'Heath / Schofield'),
(236, 'cf2', 'bronce', 'LTU', 'Ramanauskas / Lankas'),
(237, 'cf3', 'oro', 'GER', 'Gross / Rendschmidt'),
(238, 'cf3', 'plata', 'SRB', 'Tomicevic / Zoric'),
(239, 'cf3', 'bronce', 'AUS', 'Tame / Wallace'),
(240, 'cf4', 'oro', 'GER', 'Germany'),
(241, 'cf4', 'plata', 'SVK', 'Slovakia'),
(242, 'cf4', 'bronce', 'CZE', 'Czech Republic'),
(243, 'cf5', 'oro', 'UKR', 'CHEBAN Iurii'),
(244, 'cf5', 'plata', 'AZE', 'DEMYANENKO Valentin'),
(245, 'cf5', 'bronce', 'BRA', 'QUEIROZ DOS SANTOS Isaquias'),
(246, 'cf6', 'oro', 'GER', 'BRENDEL Sebastian'),
(247, 'cf6', 'plata', 'BRA', 'QUEIROZ DOS SANTOS Isaquias'),
(248, 'cf6', 'bronce', 'MDA', 'TARNOVSCHI Serghei'),
(249, 'cf7', 'oro', 'GER', 'Brendel / Vandrey'),
(250, 'cf7', 'plata', 'BRA', 'de Souza Silva / Queiroz dos Santos'),
(251, 'cf7', 'bronce', 'UKR', 'Ianchuk / Mishchuk'),
(252, 'cf8', 'oro', 'NZL', 'CARRINGTON Lisa'),
(253, 'cf8', 'plata', 'POL', 'WALCZYKIEWICZ Marta'),
(254, 'cf8', 'bronce', 'AZE', 'OSIPENKO-RODOMSKA Inna'),
(255, 'cf9', 'oro', 'HUN', 'KOZAK Danuta'),
(256, 'cf9', 'plata', 'DEN', 'JORGENSEN Emma'),
(257, 'cf9', 'bronce', 'NZL', 'CARRINGTON Lisa'),
(258, 'cf10', 'oro', 'HUN', 'Kozak / Szabo'),
(259, 'cf10', 'plata', 'GER', 'Dietze / Weber'),
(260, 'cf10', 'bronce', 'POL', 'Mikolajczyk / Naja'),
(261, 'cf11', 'oro', 'HUN', 'Hungary'),
(262, 'cf11', 'plata', 'GER', 'Germany'),
(263, 'cf11', 'bronce', 'BLR', 'Belarus'),
(264, 'cs0', 'oro', 'FRA', 'GARGAUD CHANUT Denis'),
(265, 'cs0', 'plata', 'SVK', 'BENUS Matej'),
(266, 'cs0', 'bronce', 'JPN', 'HANEDA Takuya'),
(267, 'cs1', 'oro', 'ESP', 'CHOURRAUT Maialen'),
(268, 'cs1', 'plata', 'NZL', 'JONES Luuka'),
(269, 'cs1', 'bronce', 'AUS', 'FOX Jessica'),
(270, 'cs2', 'oro', 'SVK', 'Skantar / Skantar'),
(271, 'cs2', 'plata', 'GBR', 'Florence / Hounslow'),
(272, 'cs2', 'bronce', 'FRA', 'Peche / Klauss'),
(273, 'cs3', 'oro', 'GBR', 'CLARKE Joseph'),
(274, 'cs3', 'plata', 'SLO', 'KAUZER Peter'),
(275, 'cs3', 'bronce', 'CZE', 'PRSKAVEC Jiri'),
(276, 'cb0', 'oro', 'USA', 'FIELDS Connor'),
(277, 'cb0', 'plata', 'NED', 'VAN GORKOM Jelle'),
(278, 'cb0', 'bronce', 'COL', 'RAMIREZ YEPES Carlos Alberto'),
(279, 'cb1', 'oro', 'COL', 'PAJON Mariana'),
(280, 'cb1', 'plata', 'USA', 'POST Alise'),
(281, 'cb1', 'bronce', 'VEN', 'HERNANDEZ Stefany'),
(282, 'cm0', 'oro', 'SUI', 'SCHURTER Nino'),
(283, 'cm0', 'plata', 'CZE', 'KULHAVY Jaroslav'),
(284, 'cm0', 'bronce', 'ESP', 'COLOMA NICOLAS Carlos'),
(285, 'cm1', 'oro', 'SWE', 'RISSVEDS Jenny'),
(286, 'cm1', 'plata', 'POL', 'WLOSZCZOWSKA Maja'),
(287, 'cm1', 'bronce', 'CAN', 'PENDREL Catharine'),
(288, 'ct0', 'oro', 'GBR', 'KENNY Jason'),
(289, 'ct0', 'plata', 'GBR', 'SKINNER Callum'),
(290, 'ct0', 'bronce', 'RUS', 'DMITRIEV Denis'),
(291, 'ct1', 'oro', 'GER', 'VOGEL Kristina'),
(292, 'ct1', 'plata', 'GBR', 'JAMES Rebecca'),
(293, 'ct1', 'bronce', 'GBR', 'MARCHANT Katy'),
(294, 'ct2', 'oro', 'GBR', 'Great Britain'),
(295, 'ct2', 'plata', 'NZL', 'New Zealand'),
(296, 'ct2', 'bronce', 'FRA', 'France'),
(297, 'ct3', 'oro', 'CHN', 'Gong / Zhong'),
(298, 'ct3', 'plata', 'RUS', 'Voinova / Shmeleva'),
(299, 'ct3', 'bronce', 'GER', 'Vogel / Welte'),
(300, 'ct4', 'oro', 'GBR', 'KENNY Jason'),
(301, 'ct4', 'plata', 'NED', 'BUCHLI Matthijs'),
(302, 'ct4', 'bronce', 'MAS', 'AWANG Azizulhasni'),
(303, 'ct5', 'oro', 'NED', 'LIGTLEE Elis'),
(304, 'ct5', 'plata', 'GBR', 'JAMES Rebecca'),
(305, 'ct5', 'bronce', 'AUS', 'MEARES Anna'),
(306, 'ct6', 'oro', 'GBR', 'Great Britain'),
(307, 'ct6', 'plata', 'AUS', 'Australia'),
(308, 'ct6', 'bronce', 'DEN', 'Denmark'),
(309, 'ct7', 'oro', 'GBR', 'Great Britain'),
(310, 'ct7', 'plata', 'USA', 'United States'),
(311, 'ct7', 'bronce', 'CAN', 'Canada'),
(312, 'ct8', 'oro', 'ITA', 'VIVIANI Elia'),
(313, 'ct8', 'plata', 'GBR', 'CAVENDISH Mark'),
(314, 'ct8', 'bronce', 'DEN', 'HANSEN Lasse Norman'),
(315, 'ct9', 'oro', 'GBR', 'TROTT Laura'),
(316, 'ct9', 'plata', 'USA', 'HAMMER Sarah'),
(317, 'ct9', 'bronce', 'BEL', 'D\'HOORE Jolien'),
(318, 'cr0', 'oro', 'BEL', 'VAN AVERMAET Greg'),
(319, 'cr0', 'plata', 'DEN', 'FUGLSANG Jakob'),
(320, 'cr0', 'bronce', 'POL', 'MAJKA Rafal'),
(321, 'cr1', 'oro', 'SUI', 'CANCELLARA Fabian'),
(322, 'cr1', 'plata', 'NED', 'DUMOULIN Tom'),
(323, 'cr1', 'bronce', 'GBR', 'FROOME Christopher'),
(324, 'cr2', 'oro', 'NED', 'VAN DER BREGGEN Anna'),
(325, 'cr2', 'plata', 'SWE', 'JOHANSSON Emma'),
(326, 'cr2', 'bronce', 'ITA', 'LONGO BORGHINI Elisa'),
(327, 'cr3', 'oro', 'USA', 'ARMSTRONG Kristin'),
(328, 'cr3', 'plata', 'RUS', 'ZABELINSKAYA Olga'),
(329, 'cr3', 'bronce', 'NED', 'VAN DER BREGGEN Anna'),
(330, 'dv0', 'oro', 'CHN', 'CAO Yuan'),
(331, 'dv0', 'plata', 'GBR', 'LAUGHER Jack'),
(332, 'dv0', 'bronce', 'GER', 'HAUSDING Patrick'),
(333, 'dv1', 'oro', 'CHN', 'SHI Tingmao'),
(334, 'dv1', 'plata', 'CHN', 'HE Zi'),
(335, 'dv1', 'bronce', 'ITA', 'CAGNOTTO Tania'),
(336, 'dv2', 'oro', 'CHN', 'CHEN Aisen'),
(337, 'dv2', 'plata', 'MEX', 'SANCHEZ German'),
(338, 'dv2', 'bronce', 'USA', 'BOUDIA David'),
(339, 'dv3', 'oro', 'CHN', 'REN Qian'),
(340, 'dv3', 'plata', 'CHN', 'SI Yajie'),
(341, 'dv3', 'bronce', 'CAN', 'BENFEITO Meaghan'),
(342, 'dv4', 'oro', 'GBR', 'Laugher / Mears'),
(343, 'dv4', 'plata', 'USA', 'Dorman / Hixon'),
(344, 'dv4', 'bronce', 'CHN', 'Cao / Qin'),
(345, 'dv5', 'oro', 'CHN', 'Wu / Shi'),
(346, 'dv5', 'plata', 'ITA', 'Cagnotto / Dallape'),
(347, 'dv5', 'bronce', 'AUS', 'Keeney / Smith'),
(348, 'dv6', 'oro', 'CHN', 'Lin / Chen'),
(349, 'dv6', 'plata', 'USA', 'Boudia / Johnson'),
(350, 'dv6', 'bronce', 'GBR', 'Daley / Goodfellow'),
(351, 'dv7', 'oro', 'CHN', 'Liu / Chen'),
(352, 'dv7', 'plata', 'MAS', 'Cheong / Pamg'),
(353, 'dv7', 'bronce', 'CAN', 'Benfeito / Filion'),
(354, 'eq0', 'oro', 'GER', 'JUNG Michael'),
(355, 'eq0', 'plata', 'FRA', 'NICOLAS Astier'),
(356, 'eq0', 'bronce', 'USA', 'DUTTON Phillip'),
(357, 'eq1', 'oro', 'FRA', 'France'),
(358, 'eq1', 'plata', 'GER', 'Germany'),
(359, 'eq1', 'bronce', 'AUS', 'Australia'),
(360, 'eq2', 'oro', 'GBR', 'DUJARDIN Charlotte'),
(361, 'eq2', 'plata', 'GER', 'WERTH Isabell'),
(362, 'eq2', 'bronce', 'GER', 'BRORING-SPREHE Kristina'),
(363, 'eq3', 'oro', 'GER', 'Germany'),
(364, 'eq3', 'plata', 'GBR', 'Great Britain'),
(365, 'eq3', 'bronce', 'USA', 'United States'),
(366, 'eq4', 'oro', 'GBR', 'SKELTON Nick'),
(367, 'eq4', 'plata', 'SWE', 'FREDRICSON Peder'),
(368, 'eq4', 'bronce', 'CAN', 'LAMAZE Eric'),
(369, 'eq5', 'oro', 'FRA', 'France'),
(370, 'eq5', 'plata', 'USA', 'United States'),
(371, 'eq5', 'bronce', 'GER', 'Germany'),
(372, 'fe0', 'oro', 'ITA', 'GAROZZO Daniele'),
(373, 'fe0', 'plata', 'USA', 'MASSIALAS Alexander'),
(374, 'fe0', 'bronce', 'RUS', 'SAFIN Timur'),
(375, 'fe1', 'oro', 'RUS', 'DERIGLAZOVA Inna'),
(376, 'fe1', 'plata', 'ITA', 'DI FRANCISCA Elisa'),
(377, 'fe1', 'bronce', 'TUN', 'BOUBAKRI Ines'),
(378, 'fe2', 'oro', 'KOR', 'PARK Sangyoung'),
(379, 'fe2', 'plata', 'HUN', 'IMRE Geza'),
(380, 'fe2', 'bronce', 'FRA', 'GRUMIER Gauthier'),
(381, 'fe3', 'oro', 'HUN', 'SZASZ Emese'),
(382, 'fe3', 'plata', 'ITA', 'FIAMINGO Rossella'),
(383, 'fe3', 'bronce', 'CHN', 'SUN Yiwen'),
(384, 'fe4', 'oro', 'HUN', 'SZILAGYI Aron'),
(385, 'fe4', 'plata', 'USA', 'HOMER Daryl'),
(386, 'fe4', 'bronce', 'KOR', 'KIM Junghwan'),
(387, 'fe5', 'oro', 'RUS', 'EGORIAN Yana'),
(388, 'fe5', 'plata', 'RUS', 'VELIKAYA Sofya'),
(389, 'fe5', 'bronce', 'UKR', 'KHARLAN Olga'),
(390, 'fe6', 'oro', 'RUS', 'Russian Federation'),
(391, 'fe6', 'plata', 'FRA', 'France'),
(392, 'fe6', 'bronce', 'USA', 'United States'),
(393, 'fe7', 'oro', 'FRA', 'France'),
(394, 'fe7', 'plata', 'ITA', 'Italy'),
(395, 'fe7', 'bronce', 'HUN', 'Hungary'),
(396, 'fe8', 'oro', 'ROU', 'Romania'),
(397, 'fe8', 'plata', 'CHN', 'China'),
(398, 'fe8', 'bronce', 'RUS', 'Russian Federation'),
(399, 'fe9', 'oro', 'RUS', 'Russian Federation'),
(400, 'fe9', 'plata', 'UKR', 'Ukraine'),
(401, 'fe9', 'bronce', 'USA', 'United States'),
(402, 'fb0', 'oro', 'BRA', 'Brazil'),
(403, 'fb0', 'plata', 'GER', 'Germany'),
(404, 'fb0', 'bronce', 'NGR', 'Nigeria'),
(405, 'fb1', 'oro', 'GER', 'Germany'),
(406, 'fb1', 'plata', 'SWE', 'Sweden'),
(407, 'fb1', 'bronce', 'CAN', 'Canada'),
(408, 'ga0', 'oro', 'JPN', 'UCHIMURA Kohei'),
(409, 'ga0', 'plata', 'UKR', 'VERNIAIEV Oleg'),
(410, 'ga0', 'bronce', 'GBR', 'WHITLOCK Max'),
(411, 'ga1', 'oro', 'GBR', 'WHITLOCK Max'),
(412, 'ga1', 'plata', 'BRA', 'HYPOLITO Diego'),
(413, 'ga1', 'bronce', 'BRA', 'MARIANO Arthur'),
(414, 'ga2', 'oro', 'GBR', 'WHITLOCK Max'),
(415, 'ga2', 'plata', 'GBR', 'SMITH Louis'),
(416, 'ga2', 'bronce', 'USA', 'NADDOUR Alexander'),
(417, 'ga3', 'oro', 'GRE', 'PETROUNIAS Eleftherios'),
(418, 'ga3', 'plata', 'BRA', 'ZANETTI Arthur'),
(419, 'ga3', 'bronce', 'RUS', 'ABLIAZIN Denis'),
(420, 'ga4', 'oro', 'PRK', 'RI Se Gwang'),
(421, 'ga4', 'plata', 'RUS', 'ABLIAZIN Denis'),
(422, 'ga4', 'bronce', 'JPN', 'SHIRAI Kenzo'),
(423, 'ga5', 'oro', 'UKR', 'VERNIAIEV Oleg'),
(424, 'ga5', 'plata', 'USA', 'LEYVA Danell'),
(425, 'ga5', 'bronce', 'RUS', 'BELYAVSKIY David'),
(426, 'ga6', 'oro', 'GER', 'HAMBUECHEN Fabian'),
(427, 'ga6', 'plata', 'USA', 'LEYVA Danell'),
(428, 'ga6', 'bronce', 'GBR', 'WILSON Nile'),
(429, 'ga7', 'oro', 'JPN', 'Japan'),
(430, 'ga7', 'plata', 'RUS', 'Russian Federation'),
(431, 'ga7', 'bronce', 'CHN', 'China'),
(432, 'ga8', 'oro', 'USA', 'BILES Simone'),
(433, 'ga8', 'plata', 'USA', 'RAISMAN Alexandra'),
(434, 'ga8', 'bronce', 'RUS', 'MUSTAFINA Aliya'),
(435, 'ga9', 'oro', 'USA', 'BILES Simone'),
(436, 'ga9', 'plata', 'RUS', 'PASEKA Maria'),
(437, 'ga9', 'bronce', 'SUI', 'STEINGRUBER Giulia'),
(438, 'ga10', 'oro', 'RUS', 'MUSTAFINA Aliya'),
(439, 'ga10', 'plata', 'USA', 'KOCIAN Madison'),
(440, 'ga10', 'bronce', 'GER', 'SCHEDER Sophie'),
(441, 'ga11', 'oro', 'NED', 'WEVERS Sanne'),
(442, 'ga11', 'plata', 'USA', 'HERNANDEZ Lauren'),
(443, 'ga11', 'bronce', 'USA', 'BILES Simone'),
(444, 'ga12', 'oro', 'USA', 'BILES Simone'),
(445, 'ga12', 'plata', 'USA', 'RAISMAN Alexandra'),
(446, 'ga12', 'bronce', 'GBR', 'TINKLER Amy'),
(447, 'ga13', 'oro', 'USA', 'United States'),
(448, 'ga13', 'plata', 'RUS', 'Russian Federation'),
(449, 'ga13', 'bronce', 'CHN', 'China'),
(450, 'gt0', 'oro', 'BLR', 'HANCHAROU Uladzislau'),
(451, 'gt0', 'plata', 'CHN', 'DONG Dong'),
(452, 'gt0', 'bronce', 'CHN', 'GAO Lei'),
(453, 'gt1', 'oro', 'CAN', 'MACLENNAN Rosannagh'),
(454, 'gt1', 'plata', 'GBR', 'PAGE Bryony'),
(455, 'gt1', 'bronce', 'CHN', 'LI Dan'),
(456, 'gr0', 'oro', 'RUS', 'MAMUN Margarita'),
(457, 'gr0', 'plata', 'RUS', 'KUDRYAVTSEVA Yana'),
(458, 'gr0', 'bronce', 'UKR', 'RIZATDINOVA Ganna'),
(459, 'gr1', 'oro', 'RUS', 'Russian Federation'),
(460, 'gr1', 'plata', 'ESP', 'Spain'),
(461, 'gr1', 'bronce', 'BUL', 'Bulgaria'),
(462, 'go0', 'oro', 'GBR', 'ROSE Justin'),
(463, 'go0', 'plata', 'SWE', 'STENSON Henrik'),
(464, 'go0', 'bronce', 'USA', 'KUCHAR Matt'),
(465, 'go1', 'oro', 'KOR', 'PARK Inbee'),
(466, 'go1', 'plata', 'NZL', 'KO Lydia'),
(467, 'go1', 'bronce', 'CHN', 'FENG Shanshan'),
(468, 'ho0', 'oro', 'ARG', 'Argentina'),
(469, 'ho0', 'plata', 'BEL', 'Belgium'),
(470, 'ho0', 'bronce', 'GER', 'Germany'),
(471, 'ho1', 'oro', 'GBR', 'Great Britain'),
(472, 'ho1', 'plata', 'NED', 'Netherlands'),
(473, 'ho1', 'bronce', 'GER', 'Germany'),
(474, 'ju0', 'oro', 'ARG', 'PARETO Paula'),
(475, 'ju0', 'plata', 'KOR', 'JEONG Bokyeong'),
(476, 'ju0', 'bronce', 'JPN', 'KONDO Ami'),
(477, 'ju0', 'bronce', 'KAZ', 'GALBADRAKH Otgontsetseg'),
(478, 'ju1', 'oro', 'KOS', 'KELMENDI Majlinda'),
(479, 'ju1', 'plata', 'ITA', 'GIUFFRIDA Odette'),
(480, 'ju1', 'bronce', 'JPN', 'NAKAMURA Misato'),
(481, 'ju1', 'bronce', 'RUS', 'KUZIUTINA Natalia'),
(482, 'ju2', 'oro', 'BRA', 'SILVA Rafaela'),
(483, 'ju2', 'plata', 'MGL', 'DORJSUREN Sumiya'),
(484, 'ju2', 'bronce', 'JPN', 'MATSUMOTO Kaori'),
(485, 'ju2', 'bronce', 'POR', 'MONTEIRO Telma'),
(486, 'ju3', 'oro', 'SLO', 'TRSTENJAK Tina'),
(487, 'ju3', 'plata', 'FRA', 'AGBEGNENOU Clarisse'),
(488, 'ju3', 'bronce', 'ISR', 'GERBI Yarden'),
(489, 'ju3', 'bronce', 'NED', 'VAN EMDEN Anicka'),
(490, 'ju4', 'oro', 'JPN', 'TACHIMOTO Haruka'),
(491, 'ju4', 'plata', 'COL', 'ALVEAR Yuri'),
(492, 'ju4', 'bronce', 'GER', 'VARGAS KOCH Laura'),
(493, 'ju4', 'bronce', 'GBR', 'CONWAY Sally'),
(494, 'ju5', 'oro', 'USA', 'HARRISON Kayla'),
(495, 'ju5', 'plata', 'FRA', 'TCHEUMEO Audrey'),
(496, 'ju5', 'bronce', 'BRA', 'AGUIAR Mayra'),
(497, 'ju5', 'bronce', 'SLO', 'VELENSEK Anamari'),
(498, 'ju6', 'oro', 'FRA', 'ANDEOL Emilie'),
(499, 'ju6', 'plata', 'CUB', 'ORTIZ Idalys'),
(500, 'ju6', 'bronce', 'JPN', 'YAMABE Kanae'),
(501, 'ju6', 'bronce', 'CHN', 'YU Song'),
(502, 'ju7', 'oro', 'RUS', 'MUDRANOV Beslan'),
(503, 'ju7', 'plata', 'KAZ', 'SMETOV Yeldos'),
(504, 'ju7', 'bronce', 'UZB', 'UROZBOEV Diyorbek'),
(505, 'ju7', 'bronce', 'JPN', 'TAKATO Naohisa'),
(506, 'ju8', 'oro', 'ITA', 'BASILE Fabio'),
(507, 'ju8', 'plata', 'KOR', 'AN Baul'),
(508, 'ju8', 'bronce', 'UZB', 'SOBIROV Rishod'),
(509, 'ju8', 'bronce', 'JPN', 'EBINUMA Masashi'),
(510, 'ju9', 'oro', 'JPN', 'ONO Shohei'),
(511, 'ju9', 'plata', 'AZE', 'ORUJOV Rustam'),
(512, 'ju9', 'bronce', 'GEO', 'SHAVDATUASHVILI Lasha'),
(513, 'ju9', 'bronce', 'BEL', 'VAN TICHELT Dirk'),
(514, 'ju10', 'oro', 'RUS', 'KHALMURZAEV Khasan'),
(515, 'ju10', 'plata', 'USA', 'STEVENS Travis'),
(516, 'ju10', 'bronce', 'UAE', 'TOMA Sergiu'),
(517, 'ju10', 'bronce', 'JPN', 'NAGASE Takanori'),
(518, 'ju11', 'oro', 'JPN', 'BAKER Mashu'),
(519, 'ju11', 'plata', 'GEO', 'LIPARTELIANI Varlam'),
(520, 'ju11', 'bronce', 'CHN', 'CHENG Xunzhao'),
(521, 'ju11', 'bronce', 'KOR', 'GWAK Donghan'),
(522, 'ju12', 'oro', 'CZE', 'KRPALEK Lukas'),
(523, 'ju12', 'plata', 'AZE', 'GASIMOV Elmar'),
(524, 'ju12', 'bronce', 'JPN', 'HAGA Ryunosuke'),
(525, 'ju12', 'bronce', 'FRA', 'MARET Cyrille'),
(526, 'ju13', 'oro', 'FRA', 'RINER Teddy'),
(527, 'ju13', 'plata', 'JPN', 'HARASAWA Hisayoshi'),
(528, 'ju13', 'bronce', 'ISR', 'SASSON Or'),
(529, 'ju13', 'bronce', 'BRA', 'SILVA Rafael'),
(530, 'wl0', 'oro', 'CHN', 'LONG Qingquan'),
(531, 'wl0', 'plata', 'PRK', 'OM Yun Chol'),
(532, 'wl0', 'bronce', 'THA', 'KRUAITHONG Sinphet'),
(533, 'wl1', 'oro', 'COL', 'FIGUEROA MOSQUERA Oscar Albeiro'),
(534, 'wl1', 'plata', 'INA', 'IRAWAN Eko Yuli'),
(535, 'wl1', 'bronce', 'KAZ', 'KHARKI Farkhad'),
(536, 'wl2', 'oro', 'CHN', 'SHI Zhiyong'),
(537, 'wl2', 'plata', 'TUR', 'ISMAYILOV Daniyar'),
(538, 'wl2', 'bronce', 'COL', 'MOSQUERA LOZANO Luis Javier'),
(539, 'wl3', 'oro', 'KAZ', 'RAHIMOV Nijat'),
(540, 'wl3', 'plata', 'CHN', 'LYU Xiaojun'),
(541, 'wl3', 'bronce', 'EGY', 'MAHMOUD Mohamed'),
(542, 'wl4', 'oro', 'IRI', 'ROSTAMI Kianoush'),
(543, 'wl4', 'plata', 'CHN', 'TIAN Tao'),
(544, 'wl4', 'bronce', 'ROU', 'SINCRAIAN Gabriel'),
(545, 'wl5', 'oro', 'IRI', 'MORADI Sohrab'),
(546, 'wl5', 'plata', 'BLR', 'STRALTSOU Vadzim'),
(547, 'wl5', 'bronce', 'LTU', 'DIDZBALIS Aurimas'),
(548, 'wl6', 'oro', 'UZB', 'NURUDINOV Ruslan'),
(549, 'wl6', 'plata', 'ARM', 'MARTIROSYAN Simon'),
(550, 'wl6', 'bronce', 'KAZ', 'ZAICHIKOV Alexandr'),
(551, 'wl7', 'oro', 'GEO', 'TALAKHADZE Lasha'),
(552, 'wl7', 'plata', 'ARM', 'MINASYAN Gor'),
(553, 'wl7', 'bronce', 'GEO', 'TURMANIDZE Irakli'),
(554, 'wl8', 'oro', 'THA', 'TANASAN Sopita'),
(555, 'wl8', 'plata', 'INA', 'AGUSTIANI Sri Wahyuni'),
(556, 'wl8', 'bronce', 'JPN', 'MIYAKE Hiromi'),
(557, 'wl9', 'oro', 'TPE', 'HSU Shu-Ching'),
(558, 'wl9', 'plata', 'PHI', 'DIAZ Hidilyn'),
(559, 'wl9', 'bronce', 'KOR', 'YOON Jin Hee'),
(560, 'wl10', 'oro', 'THA', 'SRISURAT Sukanya'),
(561, 'wl10', 'plata', 'THA', 'SIRIKAEW Pimsiri'),
(562, 'wl10', 'bronce', 'TPE', 'KUO Hsing-Chun'),
(563, 'wl11', 'oro', 'CHN', 'DENG Wei'),
(564, 'wl11', 'plata', 'PRK', 'CHOE Hyo Sim'),
(565, 'wl11', 'bronce', 'KAZ', 'GORICHEVA Karina'),
(566, 'wl12', 'oro', 'CHN', 'XIANG Yanmei'),
(567, 'wl12', 'plata', 'KAZ', 'ZHAPPARKUL Zhazira'),
(568, 'wl12', 'bronce', 'EGY', 'AHMED Sara'),
(569, 'wl13', 'oro', 'PRK', 'RIM Jong Sim'),
(570, 'wl13', 'plata', 'BLR', 'NAUMAVA Darya'),
(571, 'wl13', 'bronce', 'ESP', 'VALENTIN PEREZ Lidia'),
(572, 'wl14', 'oro', 'CHN', 'MENG Suping'),
(573, 'wl14', 'plata', 'PRK', 'KIM Kuk Hyang'),
(574, 'wl14', 'bronce', 'USA', 'ROBLES Sarah Elizabeth'),
(575, 'wr0', 'oro', 'CUB', 'BORRERO MOLINA Ismael'),
(576, 'wr0', 'plata', 'JPN', 'OTA Shinobu'),
(577, 'wr0', 'bronce', 'UZB', 'TASMURADOV Elmurat'),
(578, 'wr0', 'bronce', 'NOR', 'BERGE Stig-Andre'),
(579, 'wr1', 'oro', 'SRB', 'STEFANEK Davor'),
(580, 'wr1', 'plata', 'ARM', 'ARUTYUNYAN Migran'),
(581, 'wr1', 'bronce', 'GEO', 'BOLKVADZE Shmagi'),
(582, 'wr1', 'bronce', 'AZE', 'CHUNAYEV Rasul'),
(583, 'wr2', 'oro', 'RUS', 'VLASOV Roman'),
(584, 'wr2', 'plata', 'DEN', 'MADSEN Mark Overgaard'),
(585, 'wr2', 'bronce', 'IRI', 'ABDVALI Saeid Morad'),
(586, 'wr2', 'bronce', 'KOR', 'KIM Hyeonwoo'),
(587, 'wr3', 'oro', 'RUS', 'CHAKVETADZE Davit'),
(588, 'wr3', 'plata', 'UKR', 'BELENIUK Zhan'),
(589, 'wr3', 'bronce', 'GER', 'KUDLA Denis Maksymilian'),
(590, 'wr3', 'bronce', 'BLR', 'HAMZATAU Javid'),
(591, 'wr4', 'oro', 'ARM', 'ALEKSANYAN Artur'),
(592, 'wr4', 'plata', 'CUB', 'LUGO CABRERA Yasmany Daniel'),
(593, 'wr4', 'bronce', 'IRI', 'REZAEI Ghasem Gholamreza'),
(594, 'wr4', 'bronce', 'TUR', 'ILDEM Cenk'),
(595, 'wr5', 'oro', 'CUB', 'LOPEZ NUNEZ Mijain'),
(596, 'wr5', 'plata', 'TUR', 'KAYAALP Riza'),
(597, 'wr5', 'bronce', 'RUS', 'SEMENOV Sergey'),
(598, 'wr5', 'bronce', 'AZE', 'SHARIATI Sabah'),
(599, 'wr6', 'oro', 'GEO', 'KHINCHEGASHVILI Vladimer'),
(600, 'wr6', 'plata', 'JPN', 'HIGUCHI Rei'),
(601, 'wr6', 'bronce', 'AZE', 'ALIYEV Haji'),
(602, 'wr6', 'bronce', 'IRI', 'RAHIMI Hassan Sabzali'),
(603, 'wr7', 'oro', 'RUS', 'RAMONOV Soslan'),
(604, 'wr7', 'plata', 'AZE', 'ASGAROV Toghrul'),
(605, 'wr7', 'bronce', 'ITA', 'CHAMIZO MARQUEZ Frank'),
(606, 'wr7', 'bronce', 'UZB', 'NAVRUZOV Ikhtiyor'),
(607, 'wr8', 'oro', 'IRI', 'YAZDANICHARATI Hassan Aliazam'),
(608, 'wr8', 'plata', 'RUS', 'GEDUEV Aniuar'),
(609, 'wr8', 'bronce', 'AZE', 'HASANOV Jabrayil'),
(610, 'wr8', 'bronce', 'TUR', 'DEMIRTAS Soner'),
(611, 'wr9', 'oro', 'RUS', 'SADULAEV Abdulrashid'),
(612, 'wr9', 'plata', 'TUR', 'YASAR Selim'),
(613, 'wr9', 'bronce', 'AZE', 'SHARIFOV Sharif'),
(614, 'wr9', 'bronce', 'USA', 'COX J\'den Michael Tbory'),
(615, 'wr10', 'oro', 'USA', 'SNYDER Kyle Frederick'),
(616, 'wr10', 'plata', 'AZE', 'GOZIUMOV Khetag'),
(617, 'wr10', 'bronce', 'ROU', 'SARITOV Albert'),
(618, 'wr10', 'bronce', 'UZB', 'IBRAGIMOV Magomed Idrisovitch'),
(619, 'wr11', 'oro', 'TUR', 'AKGUL Taha'),
(620, 'wr11', 'plata', 'IRI', 'GHASEMI Komeil Nemat'),
(621, 'wr11', 'bronce', 'BLR', 'SAIDAU Ibrahim'),
(622, 'wr11', 'bronce', 'GEO', 'PETRIASHVILI Geno'),
(623, 'wr12', 'oro', 'JPN', 'TOSAKA Eri'),
(624, 'wr12', 'plata', 'AZE', 'STADNIK Mariya'),
(625, 'wr12', 'bronce', 'BUL', 'YANKOVA Elitsa Atanasova'),
(626, 'wr12', 'bronce', 'CHN', 'SUN Yanan'),
(627, 'wr13', 'oro', 'USA', 'MAROULIS Helen Louise'),
(628, 'wr13', 'plata', 'JPN', 'YOSHIDA Saori'),
(629, 'wr13', 'bronce', 'SWE', 'MATTSSON Sofia Magdalena'),
(630, 'wr13', 'bronce', 'AZE', 'SINISHIN Natalya'),
(631, 'wr14', 'oro', 'JPN', 'ICHO Kaori'),
(632, 'wr14', 'plata', 'RUS', 'KOBLOVA ZHOLOBOVA Valeriia'),
(633, 'wr14', 'bronce', 'IND', 'MALIK Sakshi'),
(634, 'wr14', 'bronce', 'TUN', 'AMRI Marwa'),
(635, 'wr15', 'oro', 'JPN', 'KAWAI Risako'),
(636, 'wr15', 'plata', 'BLR', 'MAMASHUK Maryia'),
(637, 'wr15', 'bronce', 'POL', 'MICHALIK Monika Ewa'),
(638, 'wr15', 'bronce', 'KAZ', 'LARIONOVA Yekaterina'),
(639, 'wr16', 'oro', 'JPN', 'DOSHO Sara'),
(640, 'wr16', 'plata', 'RUS', 'VOROBEVA Natalia'),
(641, 'wr16', 'bronce', 'SWE', 'FRANSSON Anna Jenny'),
(642, 'wr16', 'bronce', 'KAZ', 'SYZDYKOVA Elmira'),
(643, 'wr17', 'oro', 'CAN', 'WIEBE Erica Elizabeth'),
(644, 'wr17', 'plata', 'KAZ', 'MANYUROVA Guzel'),
(645, 'wr17', 'bronce', 'CHN', 'ZHANG Fengliu'),
(646, 'wr17', 'bronce', 'RUS', 'BUKINA Ekaterina'),
(647, 'sy0', 'oro', 'RUS', 'Ishchenko / Romashina'),
(648, 'sy0', 'plata', 'CHN', 'Huang / Sun'),
(649, 'sy0', 'bronce', 'JPN', 'Inui / Mitsui'),
(650, 'sy1', 'oro', 'RUS', 'Russian Federation'),
(651, 'sy1', 'plata', 'CHN', 'China'),
(652, 'sy1', 'bronce', 'JPN', 'Japan'),
(653, 'sw0', 'oro', 'DEN', 'BLUME Pernille'),
(654, 'sw0', 'plata', 'USA', 'MANUEL Simone'),
(655, 'sw0', 'bronce', 'BLR', 'HERASIMENIA Aliaksandra'),
(656, 'sw1', 'oro', 'CAN', 'OLEKSIAK Penny'),
(657, 'sw1', 'oro', 'USA', 'MANUEL Simone'),
(658, 'sw1', 'bronce', 'SWE', 'SJOSTROM Sarah'),
(659, 'sw2', 'oro', 'USA', 'LEDECKY Katie'),
(660, 'sw2', 'plata', 'SWE', 'SJOSTROM Sarah'),
(661, 'sw2', 'bronce', 'AUS', 'MCKEON Emma'),
(662, 'sw3', 'oro', 'USA', 'LEDECKY Katie'),
(663, 'sw3', 'plata', 'GBR', 'CARLIN Jazz'),
(664, 'sw3', 'bronce', 'USA', 'SMITH Leah'),
(665, 'sw4', 'oro', 'USA', 'LEDECKY Katie'),
(666, 'sw4', 'plata', 'GBR', 'CARLIN Jazz'),
(667, 'sw4', 'bronce', 'HUN', 'KAPAS Boglarka'),
(668, 'sw5', 'oro', 'HUN', 'HOSSZU Katinka'),
(669, 'sw5', 'plata', 'USA', 'BAKER Kathleen'),
(670, 'sw5', 'bronce', 'CHN', 'FU Yuanhui'),
(671, 'sw5', 'bronce', 'CAN', 'MASSE Kylie'),
(672, 'sw6', 'oro', 'USA', 'DIRADO Madeline'),
(673, 'sw6', 'plata', 'HUN', 'HOSSZU Katinka'),
(674, 'sw6', 'bronce', 'CAN', 'CALDWELL Hilary'),
(675, 'sw7', 'oro', 'USA', 'KING Lilly'),
(676, 'sw7', 'plata', 'RUS', 'EFIMOVA Yulia'),
(677, 'sw7', 'bronce', 'USA', 'MEILI Catherine'),
(678, 'sw8', 'oro', 'JPN', 'KANETO Rie'),
(679, 'sw8', 'plata', 'RUS', 'EFIMOVA Yulia'),
(680, 'sw8', 'bronce', 'CHN', 'SHI Jinglin'),
(681, 'sw9', 'oro', 'SWE', 'SJOSTROM Sarah'),
(682, 'sw9', 'plata', 'CAN', 'OLEKSIAK Penny'),
(683, 'sw9', 'bronce', 'USA', 'VOLLMER Dana'),
(684, 'sw10', 'oro', 'ESP', 'BELMONTE GARCIA Mireia'),
(685, 'sw10', 'plata', 'AUS', 'GROVES Madeline'),
(686, 'sw10', 'bronce', 'JPN', 'HOSHI Natsumi'),
(687, 'sw11', 'oro', 'HUN', 'HOSSZU Katinka'),
(688, 'sw11', 'plata', 'GBR', 'O\'CONNOR Siobhan-Marie'),
(689, 'sw11', 'bronce', 'USA', 'DIRADO Madeline'),
(690, 'sw12', 'oro', 'HUN', 'HOSSZU Katinka'),
(691, 'sw12', 'plata', 'USA', 'DIRADO Madeline'),
(692, 'sw12', 'bronce', 'ESP', 'BELMONTE GARCIA Mireia'),
(693, 'sw13', 'oro', 'AUS', 'Australia'),
(694, 'sw13', 'plata', 'USA', 'United States'),
(695, 'sw13', 'bronce', 'CAN', 'Canada'),
(696, 'sw14', 'oro', 'USA', 'United States'),
(697, 'sw14', 'plata', 'AUS', 'Australia'),
(698, 'sw14', 'bronce', 'CAN', 'Canada'),
(699, 'sw15', 'oro', 'USA', 'United States'),
(700, 'sw15', 'plata', 'AUS', 'Australia'),
(701, 'sw15', 'bronce', 'DEN', 'Denmark'),
(702, 'sw16', 'oro', 'USA', 'ERVIN Anthony'),
(703, 'sw16', 'plata', 'FRA', 'MANAUDOU Florent'),
(704, 'sw16', 'bronce', 'USA', 'ADRIAN Nathan'),
(705, 'sw17', 'oro', 'AUS', 'CHALMERS Kyle'),
(706, 'sw17', 'plata', 'BEL', 'TIMMERS Pieter'),
(707, 'sw17', 'bronce', 'USA', 'ADRIAN Nathan'),
(708, 'sw18', 'oro', 'CHN', 'SUN Yang'),
(709, 'sw18', 'plata', 'RSA', 'LE CLOS Chad Guy Bertrand'),
(710, 'sw18', 'bronce', 'USA', 'DWYER Conor'),
(711, 'sw19', 'oro', 'AUS', 'HORTON Mack'),
(712, 'sw19', 'plata', 'CHN', 'SUN Yang'),
(713, 'sw19', 'bronce', 'ITA', 'DETTI Gabriele'),
(714, 'sw20', 'oro', 'ITA', 'PALTRINIERI Gregorio'),
(715, 'sw20', 'plata', 'USA', 'JAEGER Connor'),
(716, 'sw20', 'bronce', 'ITA', 'DETTI Gabriele'),
(717, 'sw21', 'oro', 'USA', 'MURPHY Ryan'),
(718, 'sw21', 'plata', 'CHN', 'XU Jiayu'),
(719, 'sw21', 'bronce', 'USA', 'PLUMMER David'),
(720, 'sw22', 'oro', 'USA', 'MURPHY Ryan'),
(721, 'sw22', 'plata', 'AUS', 'LARKIN Mitchell'),
(722, 'sw22', 'bronce', 'RUS', 'RYLOV Evgeny'),
(723, 'sw23', 'oro', 'GBR', 'PEATY Adam'),
(724, 'sw23', 'plata', 'RSA', 'VAN DER BURGH Cameron'),
(725, 'sw23', 'bronce', 'USA', 'MILLER Cody'),
(726, 'sw24', 'oro', 'KAZ', 'BALANDIN Dmitriy'),
(727, 'sw24', 'plata', 'USA', 'PRENOT Josh'),
(728, 'sw24', 'bronce', 'RUS', 'CHUPKOV Anton'),
(729, 'sw25', 'oro', 'SIN', 'SCHOOLING Joseph'),
(730, 'sw25', 'plata', 'HUN', 'CSEH Laszlo'),
(731, 'sw25', 'plata', 'RSA', 'LE CLOS Chad Guy Bertrand'),
(732, 'sw25', 'plata', 'USA', 'PHELPS Michael'),
(733, 'sw26', 'oro', 'USA', 'PHELPS Michael'),
(734, 'sw26', 'plata', 'JPN', 'SAKAI Masato'),
(735, 'sw26', 'bronce', 'HUN', 'KENDERESI Tamas'),
(736, 'sw27', 'oro', 'USA', 'PHELPS Michael'),
(737, 'sw27', 'plata', 'JPN', 'HAGINO Kosuke'),
(738, 'sw27', 'bronce', 'CHN', 'WANG Shun'),
(739, 'sw28', 'oro', 'JPN', 'HAGINO Kosuke'),
(740, 'sw28', 'plata', 'USA', 'KALISZ Chase'),
(741, 'sw28', 'bronce', 'JPN', 'SETO Daiya'),
(742, 'sw29', 'oro', 'USA', 'United States'),
(743, 'sw29', 'plata', 'FRA', 'France'),
(744, 'sw29', 'bronce', 'AUS', 'Australia'),
(745, 'sw30', 'oro', 'USA', 'United States'),
(746, 'sw30', 'plata', 'GBR', 'Great Britain'),
(747, 'sw30', 'bronce', 'JPN', 'Japan'),
(748, 'sw31', 'oro', 'USA', 'United States'),
(749, 'sw31', 'plata', 'GBR', 'Great Britain'),
(750, 'sw31', 'bronce', 'AUS', 'Australia'),
(751, 'mp0', 'oro', 'RUS', 'LESUN Alexander'),
(752, 'mp0', 'plata', 'UKR', 'TYMOSHCHENKO Pavlo'),
(753, 'mp0', 'bronce', 'MEX', 'HERNANDEZ USCANGA Ismael Marcelo'),
(754, 'mp1', 'oro', 'AUS', 'ESPOSITO Chloe'),
(755, 'mp1', 'plata', 'FRA', 'CLOUVEL Elodie'),
(756, 'mp1', 'bronce', 'POL', 'NOWACKA Oktawia'),
(757, 'wp0', 'oro', 'SRB', 'Serbia'),
(758, 'wp0', 'plata', 'CRO', 'Croatia'),
(759, 'wp0', 'bronce', 'ITA', 'Italy'),
(760, 'wp1', 'oro', 'USA', 'United States'),
(761, 'wp1', 'plata', 'ITA', 'Italy'),
(762, 'wp1', 'bronce', 'RUS', 'Russian Federation'),
(763, 'ro0', 'oro', 'GBR', 'Glover / Stanning'),
(764, 'ro0', 'plata', 'NZL', 'Behrent / Scown'),
(765, 'ro0', 'bronce', 'DEN', 'Andersen / Rasmussen'),
(766, 'ro1', 'oro', 'NZL', 'Bond / Murray'),
(767, 'ro1', 'plata', 'RSA', 'Keeling / Brittain'),
(768, 'ro1', 'bronce', 'ITA', 'DI COSTANZO / Abagnale'),
(769, 'ro2', 'oro', 'POL', 'Fularczyk-Kozlowska / Madaj'),
(770, 'ro2', 'plata', 'GBR', 'Grainger / Thornley'),
(771, 'ro2', 'bronce', 'LTU', 'Vistartaite / Valciukaite'),
(772, 'ro3', 'oro', 'CRO', 'Sinkovic / Sinkovic'),
(773, 'ro3', 'plata', 'LTU', 'Griskonis / Ritter'),
(774, 'ro3', 'bronce', 'NOR', 'Tufte / Borch'),
(775, 'ro4', 'oro', 'GBR', 'Great Britain'),
(776, 'ro4', 'plata', 'AUS', 'Australia'),
(777, 'ro4', 'bronce', 'ITA', 'Italy'),
(778, 'ro5', 'oro', 'AUS', 'BRENNAN Kimberley'),
(779, 'ro5', 'plata', 'USA', 'STONE Genevra'),
(780, 'ro5', 'bronce', 'CHN', 'DUAN Jingli'),
(781, 'ro6', 'oro', 'NZL', 'DRYSDALE Mahe'),
(782, 'ro6', 'plata', 'CRO', 'MARTIN Damir'),
(783, 'ro6', 'bronce', 'CZE', 'SYNEK Ondrej'),
(784, 'ro7', 'oro', 'NED', 'Head / Paulis'),
(785, 'ro7', 'plata', 'CAN', 'Jennerich / Obee'),
(786, 'ro7', 'bronce', 'CHN', 'Huang / Pan'),
(787, 'ro8', 'oro', 'FRA', 'Azou / Houin'),
(788, 'ro8', 'plata', 'IRL', 'O\'Donovan / O\'Donovan'),
(789, 'ro8', 'bronce', 'NOR', 'Strandli / Brun'),
(790, 'ro9', 'oro', 'SUI', 'Switzerland'),
(791, 'ro9', 'plata', 'DEN', 'Denmark'),
(792, 'ro9', 'bronce', 'FRA', 'France'),
(793, 'ro10', 'oro', 'GER', 'Germany'),
(794, 'ro10', 'plata', 'NED', 'Netherlands'),
(795, 'ro10', 'bronce', 'POL', 'Poland'),
(796, 'ro11', 'oro', 'GER', 'Germany'),
(797, 'ro11', 'plata', 'AUS', 'Australia'),
(798, 'ro11', 'bronce', 'EST', 'Estonia'),
(799, 'ro12', 'oro', 'USA', 'United States'),
(800, 'ro12', 'plata', 'GBR', 'Great Britain'),
(801, 'ro12', 'bronce', 'ROU', 'Romania'),
(802, 'ro13', 'oro', 'GBR', 'Great Britain'),
(803, 'ro13', 'plata', 'GER', 'Germany'),
(804, 'ro13', 'bronce', 'NED', 'Netherlands'),
(805, 'ru0', 'oro', 'FIJ', 'Fiji'),
(806, 'ru0', 'plata', 'GBR', 'Great Britain'),
(807, 'ru0', 'bronce', 'RSA', 'South Africa'),
(808, 'ru1', 'oro', 'AUS', 'Australia'),
(809, 'ru1', 'plata', 'NZL', 'New Zealand'),
(810, 'ru1', 'bronce', 'CAN', 'Canada'),
(811, 'tk0', 'oro', 'CHN', 'ZHAO Shuai'),
(812, 'tk0', 'plata', 'THA', 'HANPRAB Tawin'),
(813, 'tk0', 'bronce', 'KOR', 'KIM Taehun'),
(814, 'tk0', 'bronce', 'DOM', 'PIE Luisito'),
(815, 'tk1', 'oro', 'JOR', 'ABUGHAUSH Ahmad'),
(816, 'tk1', 'plata', 'RUS', 'DENISENKO Alexey'),
(817, 'tk1', 'bronce', 'ESP', 'GONZALEZ BONILLA Joel'),
(818, 'tk1', 'bronce', 'KOR', 'LEE Daehoon'),
(819, 'tk2', 'oro', 'CIV', 'CISSE Cheick Sallah Junior'),
(820, 'tk2', 'plata', 'GBR', 'MUHAMMAD Lutalo'),
(821, 'tk2', 'bronce', 'AZE', 'BEIGI HARCHEGANI Milad'),
(822, 'tk2', 'bronce', 'TUN', 'OUESLATI Oussama'),
(823, 'tk3', 'oro', 'AZE', 'ISAEV Radik'),
(824, 'tk3', 'plata', 'NIG', 'ISSOUFOU ALFAGA Abdoulrazak'),
(825, 'tk3', 'bronce', 'BRA', 'SIQUEIRA Maicon'),
(826, 'tk3', 'bronce', 'KOR', 'CHA Dongmin'),
(827, 'tk4', 'oro', 'KOR', 'KIM Sohui'),
(828, 'tk4', 'plata', 'SRB', 'BOGDANOVIC Tijana'),
(829, 'tk4', 'bronce', 'THA', 'WONGPATTANAKIT Panipak'),
(830, 'tk4', 'bronce', 'AZE', 'ABAKAROVA Patimat'),
(831, 'tk5', 'oro', 'GBR', 'JONES Jade'),
(832, 'tk5', 'plata', 'ESP', 'CALVO GOMEZ Eva'),
(833, 'tk5', 'bronce', 'EGY', 'WAHBA Hedaya'),
(834, 'tk5', 'bronce', 'IRI', 'ALIZADEH ZENOORIN Kimia'),
(835, 'tk6', 'oro', 'KOR', 'OH Hyeri'),
(836, 'tk6', 'plata', 'FRA', 'NIARE Haby'),
(837, 'tk6', 'bronce', 'TUR', 'TATAR Nur'),
(838, 'tk6', 'bronce', 'CIV', 'GBAGBI Ruth Marie Christelle'),
(839, 'tk7', 'oro', 'CHN', 'ZHENG Shuyin'),
(840, 'tk7', 'plata', 'MEX', 'ESPINOZA ESPINOZA Maria del Rosario'),
(841, 'tk7', 'bronce', 'USA', 'GALLOWAY Jackie'),
(842, 'tk7', 'bronce', 'GBR', 'WALKDEN Bianca'),
(843, 'te0', 'oro', 'GBR', 'MURRAY Andy'),
(844, 'te0', 'plata', 'ARG', 'DEL POTRO Juan Martin'),
(845, 'te0', 'bronce', 'JPN', 'NISHIKORI Kei'),
(846, 'te1', 'oro', 'PUR', 'PUIG Monica'),
(847, 'te1', 'plata', 'GER', 'KERBER Angelique'),
(848, 'te1', 'bronce', 'CZE', 'KVITOVA Petra'),
(849, 'te2', 'oro', 'ESP', 'Lopez / Nadal'),
(850, 'te2', 'plata', 'ROU', 'Mergea / Tecau'),
(851, 'te2', 'bronce', 'USA', 'Sock / Johnson'),
(852, 'te3', 'oro', 'RUS', 'Makarova / Vesnina'),
(853, 'te3', 'plata', 'SUI', 'Bacsinszky / Hingis'),
(854, 'te3', 'bronce', 'CZE', 'Safarova / Strycova'),
(855, 'te4', 'oro', 'USA', 'Sock / Mattek-Sands'),
(856, 'te4', 'plata', 'USA', 'Williams / Ram'),
(857, 'te4', 'bronce', 'CZE', 'Hradecka / Stepanek'),
(858, 'tt0', 'oro', 'CHN', 'China'),
(859, 'tt0', 'plata', 'GER', 'Germany'),
(860, 'tt0', 'bronce', 'JPN', 'Japan'),
(861, 'tt1', 'oro', 'CHN', 'China'),
(862, 'tt1', 'plata', 'JPN', 'Japan'),
(863, 'tt1', 'bronce', 'GER', 'Germany'),
(864, 'tt2', 'oro', 'CHN', 'DING Ning'),
(865, 'tt2', 'plata', 'CHN', 'LI Xiaoxia'),
(866, 'tt2', 'bronce', 'PRK', 'KIM Song I'),
(867, 'tt3', 'oro', 'CHN', 'MA Long'),
(868, 'tt3', 'plata', 'CHN', 'ZHANG Jike'),
(869, 'tt3', 'bronce', 'JPN', 'MIZUTANI Jun'),
(870, 'sh0', 'oro', 'ITA', 'CAMPRIANI Niccolo'),
(871, 'sh0', 'plata', 'RUS', 'KAMENSKIY Sergey'),
(872, 'sh0', 'bronce', 'FRA', 'RAYNAUD Alexis'),
(873, 'sh1', 'oro', 'GER', 'JUNGHAENEL Henri'),
(874, 'sh1', 'plata', 'KOR', 'KIM Jonghyun'),
(875, 'sh1', 'bronce', 'RUS', 'GRIGORYAN Kirill'),
(876, 'sh2', 'oro', 'ITA', 'CAMPRIANI Niccolo'),
(877, 'sh2', 'plata', 'UKR', 'KULISH Serhiy'),
(878, 'sh2', 'bronce', 'RUS', 'MASLENNIKOV Vladimir'),
(879, 'sh3', 'oro', 'KOR', 'JIN Jongoh'),
(880, 'sh3', 'plata', 'VIE', 'HOANG Xuan Vinh'),
(881, 'sh3', 'bronce', 'PRK', 'KIM Song Guk'),
(882, 'sh4', 'oro', 'GER', 'REITZ Christian'),
(883, 'sh4', 'plata', 'FRA', 'QUIQUAMPOIX Jean'),
(884, 'sh4', 'bronce', 'CHN', 'LI Yuehong'),
(885, 'sh5', 'oro', 'VIE', 'HOANG Xuan Vinh'),
(886, 'sh5', 'plata', 'BRA', 'WU Felipe Almeida'),
(887, 'sh5', 'bronce', 'CHN', 'PANG Wei'),
(888, 'sh6', 'oro', 'CRO', 'GLASNOVIC Josip'),
(889, 'sh6', 'plata', 'ITA', 'PELLIELO Giovanni'),
(890, 'sh6', 'bronce', 'GBR', 'LING Edward'),
(891, 'sh7', 'oro', 'IOA', 'ALDEEHANI Fehaid'),
(892, 'sh7', 'plata', 'ITA', 'INNOCENTI Marco'),
(893, 'sh7', 'bronce', 'GBR', 'SCOTT Steven'),
(894, 'sh8', 'oro', 'ITA', 'ROSSETTI Gabriele'),
(895, 'sh8', 'plata', 'SWE', 'SVENSSON Marcus'),
(896, 'sh8', 'bronce', 'IOA', 'ALRASHIDI Abdullah'),
(897, 'sh9', 'oro', 'GER', 'ENGLEDER Barbara'),
(898, 'sh9', 'plata', 'CHN', 'ZHANG Binbin'),
(899, 'sh9', 'bronce', 'CHN', 'DU Li'),
(900, 'sh10', 'oro', 'USA', 'THRASHER Virginia'),
(901, 'sh10', 'plata', 'CHN', 'DU Li'),
(902, 'sh10', 'bronce', 'CHN', 'YI Siling'),
(903, 'sh11', 'oro', 'GRE', 'KORAKAKI Anna'),
(904, 'sh11', 'plata', 'GER', 'KARSCH Monika'),
(905, 'sh11', 'bronce', 'SUI', 'DIETHELM GERBER Heidi'),
(906, 'sh12', 'oro', 'CHN', 'ZHANG Mengxue'),
(907, 'sh12', 'plata', 'RUS', 'BATSARASHKINA Vitalina'),
(908, 'sh12', 'bronce', 'GRE', 'KORAKAKI Anna'),
(909, 'sh13', 'oro', 'AUS', 'SKINNER Catherine'),
(910, 'sh13', 'plata', 'NZL', 'ROONEY Natalie'),
(911, 'sh13', 'bronce', 'USA', 'COGDELL Corey'),
(912, 'sh14', 'oro', 'ITA', 'BACOSI Diana'),
(913, 'sh14', 'plata', 'ITA', 'CAINERO Chiara'),
(914, 'sh14', 'bronce', 'USA', 'RHODE Kimberly'),
(915, 'ar0', 'oro', 'KOR', 'KU Bonchan'),
(916, 'ar0', 'plata', 'FRA', 'VALLADONT Jean-Charles'),
(917, 'ar0', 'bronce', 'USA', 'ELLISON Brady'),
(918, 'ar1', 'oro', 'KOR', 'CHANG Hyejin'),
(919, 'ar1', 'plata', 'GER', 'UNRUH Lisa'),
(920, 'ar1', 'bronce', 'KOR', 'KI Bobae'),
(921, 'ar2', 'oro', 'KOR', 'Republic of Korea'),
(922, 'ar2', 'plata', 'USA', 'United States'),
(923, 'ar2', 'bronce', 'AUS', 'Australia'),
(924, 'ar3', 'oro', 'KOR', 'Republic of Korea'),
(925, 'ar3', 'plata', 'RUS', 'Russian Federation'),
(926, 'ar3', 'bronce', 'TPE', 'Chinese Taipei'),
(927, 'tr0', 'oro', 'GBR', 'BROWNLEE Alistair'),
(928, 'tr0', 'plata', 'GBR', 'BROWNLEE Jonathan'),
(929, 'tr0', 'bronce', 'RSA', 'SCHOEMAN Henri'),
(930, 'tr1', 'oro', 'USA', 'JORGENSEN Gwen'),
(931, 'tr1', 'plata', 'SUI', 'SPIRIG HUG Nicola'),
(932, 'tr1', 'bronce', 'GBR', 'HOLLAND Vicky'),
(933, 'sa0', 'oro', 'NED', 'VAN RIJSSELBERGHE Dorian'),
(934, 'sa0', 'plata', 'GBR', 'DEMPSEY Nick'),
(935, 'sa0', 'bronce', 'FRA', 'LE COQ Pierre'),
(936, 'sa1', 'oro', 'FRA', 'PICON Charline'),
(937, 'sa1', 'plata', 'CHN', 'CHEN Peina'),
(938, 'sa1', 'bronce', 'RUS', 'ELFUTINA Stefaniya'),
(939, 'sa2', 'oro', 'AUS', 'BURTON Tom'),
(940, 'sa2', 'plata', 'CRO', 'STIPANOVIC Tonci'),
(941, 'sa2', 'bronce', 'NZL', 'MEECH Sam'),
(942, 'sa3', 'oro', 'NED', 'BOUWMEESTER Marit'),
(943, 'sa3', 'plata', 'IRL', 'MURPHY Annalise'),
(944, 'sa3', 'bronce', 'DEN', 'RINDOM Anne-Marie'),
(945, 'sa4', 'oro', 'GBR', 'SCOTT Giles'),
(946, 'sa4', 'plata', 'SLO', 'ZBOGAR Vasilij'),
(947, 'sa4', 'bronce', 'USA', 'PAINE Caleb'),
(948, 'sa5', 'oro', 'CRO', 'Fantela / Marenic'),
(949, 'sa5', 'plata', 'AUS', 'Belcher / Ryan'),
(950, 'sa5', 'bronce', 'GRE', 'Mantis / Kagialis'),
(951, 'sa6', 'oro', 'GBR', 'Clark / Mills'),
(952, 'sa6', 'plata', 'NZL', 'Aleh / Powrie'),
(953, 'sa6', 'bronce', 'FRA', 'Defrance / Lecointre'),
(954, 'sa7', 'oro', 'NZL', 'Burling / Tuke'),
(955, 'sa7', 'plata', 'AUS', 'Outteridge / Jensen'),
(956, 'sa7', 'bronce', 'GER', 'Heil / Ploessel'),
(957, 'sa8', 'oro', 'BRA', 'Kunze / Grael'),
(958, 'sa8', 'plata', 'NZL', 'Maloney / Meech'),
(959, 'sa8', 'bronce', 'DEN', 'Salskov-Iversen / Hansen'),
(960, 'sa9', 'oro', 'ARG', 'Lange / Carranza Saroli'),
(961, 'sa9', 'plata', 'AUS', 'Darmanin / Waterhouse'),
(962, 'sa9', 'bronce', 'AUT', 'Frank / Zajac'),
(963, 'vo0', 'oro', 'BRA', 'Brazil'),
(964, 'vo0', 'plata', 'ITA', 'Italy'),
(965, 'vo0', 'bronce', 'USA', 'United States'),
(966, 'vo1', 'oro', 'CHN', 'China'),
(967, 'vo1', 'plata', 'SRB', 'Serbia'),
(968, 'vo1', 'bronce', 'USA', 'United States'),
(969, 'bv0', 'oro', 'BRA', 'Cerutti / Oscar Schmidt'),
(970, 'bv0', 'plata', 'ITA', 'Nicolai / Lupo'),
(971, 'bv0', 'bronce', 'NED', 'Meeuwsen / Brouwer'),
(972, 'bv1', 'oro', 'GER', 'Ludwig / Walkenhorst'),
(973, 'bv1', 'plata', 'BRA', 'Bednarczuk / Seixas de Freitas'),
(974, 'bv1', 'bronce', 'USA', 'Ross / Walsh Jennings');

-- --------------------------------------------------------

--
-- Estructura de tabla para la tabla `modalidades`
--

CREATE TABLE `modalidades` (
  `codigo` varchar(4) NOT NULL DEFAULT '',
  `deporte` varchar(2) DEFAULT NULL,
  `nombre` varchar(39) CHARACTER SET utf32 COLLATE utf32_spanish_ci DEFAULT NULL
) ENGINE=InnoDB DEFAULT CHARSET=utf8 COLLATE=utf8_spanish_ci;

--
-- Volcado de datos para la tabla `modalidades`
--

INSERT INTO `modalidades` (`codigo`, `deporte`, `nombre`) VALUES
('ar0', 'ar', 'Competencia individual masculina'),
('ar1', 'ar', 'Competencia individual femenina'),
('ar2', 'ar', 'Competencia por equipos masculina'),
('ar3', 'ar', 'Competencia por equipos femenina'),
('at0', 'at', '100m masculino'),
('at1', 'at', '200m masculino'),
('at10', 'at', '400m con vallas masculino'),
('at11', 'at', 'Salto de altura masculino'),
('at12', 'at', 'Salto con garrocha masculino'),
('at13', 'at', 'Salto de longitud masculino'),
('at14', 'at', 'Salto triple masculino'),
('at15', 'at', 'Lanzamiento de bala masculino'),
('at16', 'at', 'Lanzamiento de disco masculino'),
('at17', 'at', 'Lanzamiento de martillo masculino'),
('at18', 'at', 'Lanzamiento de jabalina masculino'),
('at19', 'at', 'Decatlón masculino'),
('at2', 'at', '400m masculino'),
('at20', 'at', 'Marcha atlética 20km masculina'),
('at21', 'at', 'Marcha atlética 50km masculina'),
('at22', 'at', 'Relevo 4x100m masculino'),
('at23', 'at', 'Relevo 4x400m masculino'),
('at24', 'at', '100m femenino'),
('at25', 'at', '200m femenino'),
('at26', 'at', '400m femenino'),
('at27', 'at', '800m femenino'),
('at28', 'at', '1500m femenino'),
('at29', 'at', '5000m femenino'),
('at3', 'at', '800m masculino'),
('at30', 'at', '10.000m femenino'),
('at31', 'at', 'Maratón femenino'),
('at32', 'at', '3000m con obstáculos femenino'),
('at33', 'at', '100m con vallas femenino'),
('at34', 'at', '400m con vallas femenino'),
('at35', 'at', 'Salto de altura femenino'),
('at36', 'at', 'Salto con garrocha femenino'),
('at37', 'at', 'Salto de longitud femenino'),
('at38', 'at', 'Salto triple femenino'),
('at39', 'at', 'Lanzamiento de bala femenino'),
('at4', 'at', '1500m masculino'),
('at40', 'at', 'Lanzamiento de disco femenino'),
('at41', 'at', 'Lanzamiento de martillo femenino'),
('at42', 'at', 'Lanzamiento de jabalina femenino'),
('at43', 'at', 'Heptatlón femenino'),
('at44', 'at', 'Marcha atlética 20km femenina'),
('at45', 'at', 'Relevo 4x100m femenino'),
('at46', 'at', 'Relevo 4x400m femenino'),
('at5', 'at', '5000m masculino'),
('at6', 'at', '10.000m masculino'),
('at7', 'at', 'Maratón masculino'),
('at8', 'at', '3000m con obstáculos masculino'),
('at9', 'at', '110m con vallas masculino'),
('bd0', 'bd', 'Individual masculino'),
('bd1', 'bd', 'Individual femenino'),
('bd2', 'bd', 'Dobles masculinos'),
('bd3', 'bd', 'Dobles femeninos'),
('bd4', 'bd', 'Dobles mixtos'),
('bk0', 'bk', 'Masculino'),
('bk1', 'bk', 'Femenino'),
('bv0', 'bv', 'Masculino'),
('bv1', 'bv', 'Femenino'),
('bx0', 'bx', 'Peso minimosca masculino (46-49kg)'),
('bx1', 'bx', 'Peso mosca masculino (52kg)'),
('bx10', 'bx', 'Peso mosca femenino (48-51kg)'),
('bx11', 'bx', 'Peso ligero femenino (57-60kg)'),
('bx12', 'bx', 'Peso medio femenino (69-75kg)'),
('bx2', 'bx', 'Peso gallo masculino (56kg)'),
('bx3', 'bx', 'Peso ligero masculino (60kg)'),
('bx4', 'bx', 'Peso welter ligero masculino (64kg)'),
('bx5', 'bx', 'Peso welter masculino (69kg)'),
('bx6', 'bx', 'Peso medio masculino (75kg)'),
('bx7', 'bx', 'Peso semipesado masculino (81kg)'),
('bx8', 'bx', 'Peso pesado masculino (91kg)'),
('bx9', 'bx', 'Peso súper pesado masculino (+91kg)'),
('cb0', 'cb', 'BMX masculino'),
('cb1', 'cb', 'BMX femenino'),
('cf0', 'cf', 'Kayak individual (K1) 200m masculino'),
('cf1', 'cf', 'Kayak individual (K1) 1000m masculino'),
('cf10', 'cf', 'Kayak doble (K2) 500m femenino'),
('cf11', 'cf', 'Kayak cuádruple (K4) 500m femenino'),
('cf2', 'cf', 'Kayak doble (K2) 200m masculino'),
('cf3', 'cf', 'Kayak doble (K2) 1000m masculino'),
('cf4', 'cf', 'Kayak cuádruple (K4) 1000m masculino'),
('cf5', 'cf', 'Canoa individual (C1) 200m masculina'),
('cf6', 'cf', 'Canoa individual (C1) 1000m masculina'),
('cf7', 'cf', 'Canoa doble (C2) 1000m masculina'),
('cf8', 'cf', 'Kayak individual (K1) 200m femenino'),
('cf9', 'cf', 'Kayak individual (K1) 500m femenino'),
('cm0', 'cm', 'Cross country masculino'),
('cm1', 'cm', 'Cross country femenino'),
('cr0', 'cr', 'Carrera de ruta masculina'),
('cr1', 'cr', 'Contrarreloj individual masculino'),
('cr2', 'cr', 'Carrera de ruta femenina'),
('cr3', 'cr', 'Contrarreloj individual femenino'),
('cs0', 'cs', 'Canoa individual (C1) masculina'),
('cs1', 'cs', 'Kayak (K1) femenino'),
('cs2', 'cs', 'Canoa doble (C2) masculina'),
('cs3', 'cs', 'Kayak (K1) masculino'),
('ct0', 'ct', 'Velocidad masculino'),
('ct1', 'ct', 'Velocidad femenino'),
('ct2', 'ct', 'Velocidad por equipos masculino'),
('ct3', 'ct', 'Velocidad por equipos femenino'),
('ct4', 'ct', 'Keirin masculino'),
('ct5', 'ct', 'Keirin femenino'),
('ct6', 'ct', 'Persecución por equipos masculino'),
('ct7', 'ct', 'Persecución por equipos femenino'),
('ct8', 'ct', 'Ómnium masculino'),
('ct9', 'ct', 'Ómnium femenino'),
('dv0', 'dv', 'Trampolín 3m masculino'),
('dv1', 'dv', 'Trampolín 3m femenino'),
('dv2', 'dv', 'Plataforma 10m masculino'),
('dv3', 'dv', 'Plataforma 10m femenino'),
('dv4', 'dv', 'Sincronizados trampolín 3m masculino'),
('dv5', 'dv', 'Sincronizados trampolín 3m femenino'),
('dv6', 'dv', 'Sincronizados plataforma 10m masculino'),
('dv7', 'dv', 'Sincronizados plataforma 10m femenino'),
('eq0', 'eq', 'Concurso completo ecuestre individual'),
('eq1', 'eq', 'Concurso completo ecuestre por equipos'),
('eq2', 'eq', 'Adiestramiento individual'),
('eq3', 'eq', 'Adiestramiento por equipos'),
('eq4', 'eq', 'Salto individual'),
('eq5', 'eq', 'Salto por equipos'),
('fb0', 'fb', 'Masculino'),
('fb1', 'fb', 'Femenino'),
('fe0', 'fe', 'Florete individual masculino'),
('fe1', 'fe', 'Florete individual femenino'),
('fe2', 'fe', 'Espada individual masculina'),
('fe3', 'fe', 'Espada individual femenina'),
('fe4', 'fe', 'Sable individual masculino'),
('fe5', 'fe', 'Sable individual femenino'),
('fe6', 'fe', 'Florete por equipos masculino'),
('fe7', 'fe', 'Espada por equipos masculina'),
('fe8', 'fe', 'Espada por equipos femenina'),
('fe9', 'fe', 'Sable por equipos femenino'),
('ga0', 'ga', 'Competencia múltiple - masculino'),
('ga1', 'ga', 'Suelo - masculino'),
('ga10', 'ga', 'Barras asimétricas - femenino'),
('ga11', 'ga', 'Viga de equilibrio - femenino'),
('ga12', 'ga', 'Suelo - femenino'),
('ga13', 'ga', 'Competencia por equipos - femenino'),
('ga2', 'ga', 'Caballo con arzones - masculino'),
('ga3', 'ga', 'Anillas - masculino'),
('ga4', 'ga', 'Salto - masculino'),
('ga5', 'ga', 'Barras paralelas - masculino'),
('ga6', 'ga', 'Barra fija - masculino'),
('ga7', 'ga', 'Competencia por equipos - masculino'),
('ga8', 'ga', 'Competencia múltiple - femenino'),
('ga9', 'ga', 'Salto - femenino'),
('go0', 'go', 'Stroke play individual masculino'),
('go1', 'go', 'Stroke play individual femenino'),
('gr0', 'gr', 'Competencia múltiple individual'),
('gr1', 'gr', 'Competencia múltiple de conjuntos'),
('gt0', 'gt', 'Masculino'),
('gt1', 'gt', 'Femenino'),
('hb0', 'hb', 'Masculino'),
('hb1', 'hb', 'Femenino'),
('ho0', 'ho', 'Masculino'),
('ho1', 'ho', 'Femenino'),
('ju0', 'ju', 'Hasta 48 kg femenino'),
('ju1', 'ju', 'Hasta 52 kg femenino'),
('ju10', 'ju', 'Hasta 81 kg masculino'),
('ju11', 'ju', 'Hasta 90 kg masculino'),
('ju12', 'ju', 'Hasta 100 kg masculino'),
('ju13', 'ju', 'Más de 100 kg masculino'),
('ju2', 'ju', 'Hasta 57 kg femenino'),
('ju3', 'ju', 'Hasta 63 kg femenino'),
('ju4', 'ju', 'Hasta 70 kg femenino'),
('ju5', 'ju', 'Hasta 78 kg femenino'),
('ju6', 'ju', 'Más de 78 kg femenino'),
('ju7', 'ju', 'Hasta 60 kg masculino'),
('ju8', 'ju', 'Hasta 66 kg masculino'),
('ju9', 'ju', 'Hasta 73 kg masculino'),
('mp0', 'mp', 'Competencia individual masculina'),
('mp1', 'mp', 'Competencia individual femenina'),
('ow0', 'ow', '10km femenino'),
('ow1', 'ow', '10km masculino'),
('ro0', 'ro', 'Dos sin timonel femenino'),
('ro1', 'ro', 'Dos sin timonel masculino'),
('ro10', 'ro', 'Cuatro pares de remos cortos femenino'),
('ro11', 'ro', 'Cuatro pares de remos cortos masculino'),
('ro12', 'ro', 'Ocho con timonel femenino'),
('ro13', 'ro', 'Ocho con timonel masculino'),
('ro2', 'ro', 'Doble par de remos cortos femenino'),
('ro3', 'ro', 'Doble par de remos cortos masculino'),
('ro4', 'ro', 'Cuatro sin timonel masculino'),
('ro5', 'ro', 'Un par de remos cortos femenino'),
('ro6', 'ro', 'Un par de remos cortos masculino'),
('ro7', 'ro', 'Doble par remos cortos ligero femenino'),
('ro8', 'ro', 'Doble par remos cortos ligero masculino'),
('ro9', 'ro', 'Cuatro sin timonel ligero masculino'),
('ru0', 'ru', 'Masculino'),
('ru1', 'ru', 'Femenino'),
('sa0', 'sa', 'RS:X masculino'),
('sa1', 'sa', 'RS:X femenino'),
('sa2', 'sa', 'Láser masculino'),
('sa3', 'sa', 'Láser radial femenino'),
('sa4', 'sa', 'Finn masculino'),
('sa5', 'sa', '470 masculino'),
('sa6', 'sa', '470 femenino'),
('sa7', 'sa', '49er masculino'),
('sa8', 'sa', '49er FX femenino'),
('sa9', 'sa', 'Nacra 17 mixto'),
('sh0', 'sh', '50m rifle 3 posiciones masculino'),
('sh1', 'sh', '50m rifle tendido masculino'),
('sh10', 'sh', '10m rifle de aire femenino'),
('sh11', 'sh', '25m pistola femenino'),
('sh12', 'sh', '10m pistola de aire femenino'),
('sh13', 'sh', 'Fosa femenino'),
('sh14', 'sh', 'Skeet femenino'),
('sh2', 'sh', '10m rifle de aire masculino'),
('sh3', 'sh', '50m pistola masculino'),
('sh4', 'sh', '25m pistola tiro rápido masculino'),
('sh5', 'sh', '10m pistola de aire masculino'),
('sh6', 'sh', 'Fosa masculino'),
('sh7', 'sh', 'Doble fosa masculino'),
('sh8', 'sh', 'Skeet masculino'),
('sh9', 'sh', '50m rifle 3 posiciones femenino'),
('sw0', 'sw', '50m estilo libre femenino'),
('sw1', 'sw', '100m estilo libre femenino'),
('sw10', 'sw', '200m mariposa femenino'),
('sw11', 'sw', '200m combinado individual femenino'),
('sw12', 'sw', '400m combinado individual femenino'),
('sw13', 'sw', 'Relevo 4x100m estilo libre femenino'),
('sw14', 'sw', 'Relevo 4x200m estilo libre femenino'),
('sw15', 'sw', 'Relevo 4x100m combinado femenino'),
('sw16', 'sw', '50m estilo libre masculino'),
('sw17', 'sw', '100m estilo libre masculino'),
('sw18', 'sw', '200m estilo libre masculino'),
('sw19', 'sw', '400m estilo libre masculino'),
('sw2', 'sw', '200m estilo libre femenino'),
('sw20', 'sw', '1500m estilo libre masculino'),
('sw21', 'sw', '100m espalda masculino'),
('sw22', 'sw', '200m espalda masculino'),
('sw23', 'sw', '100m braza masculino'),
('sw24', 'sw', '200m braza masculino'),
('sw25', 'sw', '100m mariposa masculino'),
('sw26', 'sw', '200m mariposa masculino'),
('sw27', 'sw', '200m combinado individual masculino'),
('sw28', 'sw', '400m combinado individual masculino'),
('sw29', 'sw', 'Relevo 4x100m estilo libre masculino'),
('sw3', 'sw', '400m estilo libre femenino'),
('sw30', 'sw', 'Relevo 4x200m estilo libre masculino'),
('sw31', 'sw', 'Relevo 4x100m combinado masculino'),
('sw4', 'sw', '800m estilo libre femenino'),
('sw5', 'sw', '100m espalda femenino'),
('sw6', 'sw', '200m espalda femenino'),
('sw7', 'sw', '100m braza femenino'),
('sw8', 'sw', '200m braza femenino'),
('sw9', 'sw', '100m mariposa femenino'),
('sy0', 'sy', 'Duetos'),
('sy1', 'sy', 'Equipos'),
('te0', 'te', 'Individual masculino'),
('te1', 'te', 'Individual femenino'),
('te2', 'te', 'Dobles masculinos'),
('te3', 'te', 'Dobles femeninos'),
('te4', 'te', 'Dobles mixtos'),
('tk0', 'tk', '-58kg masculino'),
('tk1', 'tk', '-68kg masculino'),
('tk2', 'tk', '-80kg masculino'),
('tk3', 'tk', '+80kg masculino'),
('tk4', 'tk', '-49kg femenino'),
('tk5', 'tk', '-57kg femenino'),
('tk6', 'tk', '-67kg femenino'),
('tk7', 'tk', '+67kg femenino'),
('tr0', 'tr', 'Masculino'),
('tr1', 'tr', 'Femenino'),
('tt0', 'tt', 'Competencia por equipos, femenino'),
('tt1', 'tt', 'Competencia por equipos, masculino'),
('tt2', 'tt', 'Individual femenino'),
('tt3', 'tt', 'Individual masculino'),
('vo0', 'vo', 'Masculino'),
('vo1', 'vo', 'Femenino'),
('wl0', 'wl', '56kg masculino'),
('wl1', 'wl', '62kg masculino'),
('wl10', 'wl', '58kg femenino'),
('wl11', 'wl', '63kg femenino'),
('wl12', 'wl', '69kg femenino'),
('wl13', 'wl', '75kg femenino'),
('wl14', 'wl', '+75kg femenino'),
('wl2', 'wl', '69kg masculino'),
('wl3', 'wl', '77kg masculino'),
('wl4', 'wl', '85kg masculino'),
('wl5', 'wl', '94kg masculino'),
('wl6', 'wl', '105kg masculino'),
('wl7', 'wl', '+105kg masculino'),
('wl8', 'wl', '48kg femenino'),
('wl9', 'wl', '53kg femenino'),
('wp0', 'wp', 'Masculino'),
('wp1', 'wp', 'Femenino'),
('wr0', 'wr', 'Lucha Grecorromana, 59 kg masculino'),
('wr1', 'wr', 'Lucha Grecorromana, 66 kg masculino'),
('wr10', 'wr', 'Lucha de estilo libre, 97 kg masculino'),
('wr11', 'wr', 'Lucha de estilo libre, 125 kg masculino'),
('wr12', 'wr', 'Lucha de estilo libre, 48 kg femenino'),
('wr13', 'wr', 'Lucha de estilo libre, 53 kg femenino'),
('wr14', 'wr', 'Lucha de estilo libre, 58 kg femenino'),
('wr15', 'wr', 'Lucha de estilo libre, 63 kg femenino'),
('wr16', 'wr', 'Lucha de estilo libre, 69 kg femenino'),
('wr17', 'wr', 'Lucha de estilo libre, 75 kg femenino'),
('wr2', 'wr', 'Lucha Grecorromana, 75 kg masculino'),
('wr3', 'wr', 'Lucha Grecorromana, 85 kg masculino'),
('wr4', 'wr', 'Lucha Grecorromana, 98 kg masculino'),
('wr5', 'wr', 'Lucha Grecorromana, 130 kg masculino'),
('wr6', 'wr', 'Lucha de estilo libre, 57 kg masculino'),
('wr7', 'wr', 'Lucha de estilo libre, 65 kg masculino'),
('wr8', 'wr', 'Lucha de estilo libre, 74 kg masculino'),
('wr9', 'wr', 'Lucha de estilo libre, 86 kg masculino');

-- --------------------------------------------------------

--
-- Estructura de tabla para la tabla `paises`
--

CREATE TABLE `paises` (
  `codigo` varchar(3) NOT NULL DEFAULT '',
  `nombre` varchar(37) DEFAULT NULL
) ENGINE=InnoDB DEFAULT CHARSET=utf8 COLLATE=utf8_spanish_ci;

--
-- Volcado de datos para la tabla `paises`
--

INSERT INTO `paises` (`codigo`, `nombre`) VALUES
('AFG', 'Afganistán'),
('ALB', 'Albania'),
('ALG', 'Argelia'),
('AND', 'Andorra'),
('ANG', 'Angola'),
('ANT', 'Antigua y Barbuda'),
('ARG', 'Argentina'),
('ARM', 'Armenia'),
('ARU', 'Aruba'),
('ASA', 'Samoa Americana'),
('AUS', 'Australia'),
('AUT', 'Austria'),
('AZE', 'Azerbaiyán'),
('BAH', 'Bahamas'),
('BAN', 'Bangladés'),
('BAR', 'Barbados'),
('BDI', 'Burundi'),
('BEL', 'Bélgica'),
('BEN', 'Benín'),
('BER', 'Bermudas'),
('BHU', 'Bután'),
('BIH', 'Bosnia y Herzegovina'),
('BIZ', 'Belice'),
('BLR', 'Bielorrusia'),
('BOL', 'Bolivia'),
('BOT', 'Botsuana'),
('BRA', 'Brasil'),
('BRN', 'Baréin'),
('BRU', 'Brunéi'),
('BUL', 'Bulgaria'),
('BUR', 'Burkina Faso'),
('CAF', 'República Centroafricana'),
('CAM', 'Camboya'),
('CAN', 'Canadá'),
('CAY', 'Islas Caimán'),
('CGO', 'República del Congo'),
('CHA', 'Chad'),
('CHI', 'Chile'),
('CHN', 'China'),
('CIV', 'Costa de Marfil'),
('CMR', 'Camerún'),
('COD', 'República Democrática del Congo'),
('COK', 'Islas Cook'),
('COL', 'Colombia'),
('COM', 'Comoras'),
('CPV', 'Cabo Verde'),
('CRC', 'Costa Rica'),
('CRO', 'Croacia'),
('CUB', 'Cuba'),
('CYP', 'Chipre'),
('CZE', 'República Checa'),
('DEN', 'Dinamarca'),
('DJI', 'Yibuti'),
('DMA', 'Dominica'),
('DOM', 'República Dominicana'),
('ECU', 'Ecuador'),
('EGY', 'Egipto'),
('ERI', 'Eritrea'),
('ESA', 'El Salvador'),
('ESP', 'España'),
('EST', 'Estonia'),
('ETH', 'Etiopía'),
('FIJ', 'Fiyi'),
('FIN', 'Finlandia'),
('FRA', 'Francia'),
('FSM', 'Micronesia'),
('GAB', 'Gabón'),
('GAM', 'Gambia'),
('GBR', 'Reino Unido'),
('GBS', 'Guinea-Bisáu'),
('GEO', 'Georgia'),
('GEQ', 'Guinea Ecuatorial'),
('GER', 'Alemania'),
('GHA', 'Ghana'),
('GRE', 'Grecia'),
('GRN', 'Granada'),
('GUA', 'Guatemala'),
('GUI', 'Guinea'),
('GUM', 'Guam'),
('GUY', 'Guyana'),
('HAI', 'Haití'),
('HKG', 'Hong Kong'),
('HON', 'Honduras'),
('HUN', 'Hungría'),
('INA', 'Indonesia'),
('IND', 'India'),
('IOA', 'IOA'),
('IRI', 'Irán'),
('IRL', 'Irlanda'),
('IRQ', 'Irak'),
('ISL', 'Islandia'),
('ISR', 'Israel'),
('ISV', 'Islas Vírgenes de los Estados Unidos'),
('ITA', 'Italia'),
('IVB', 'Islas Vírgenes Británicas'),
('JAM', 'Jamaica'),
('JOR', 'Jordania'),
('JPN', 'Japón'),
('KAZ', 'Kazajistán'),
('KEN', 'Kenia'),
('KGZ', 'Kirguistán'),
('KIR', 'Kiribati'),
('KOR', 'Corea del Sur'),
('KOS', 'Kosovo'),
('KSA', 'Arabia Saudita'),
('KUW', 'Kuwait'),
('LAO', 'Laos'),
('LAT', 'Letonia'),
('LBA', 'Libia'),
('LBR', 'Liberia'),
('LCA', 'Santa Lucía'),
('LES', 'Lesoto'),
('LIB', 'Líbano'),
('LIE', 'Liechtenstein'),
('LTU', 'Lituania'),
('LUX', 'Luxemburgo'),
('MAD', 'Madagascar'),
('MAR', 'Marruecos'),
('MAS', 'Malasia'),
('MAW', 'Malaui'),
('MDA', 'Moldavia'),
('MDV', 'Maldivas'),
('MEX', 'México'),
('MGL', 'Mongolia'),
('MHL', 'Islas Marshall'),
('MKD', 'Macedonia'),
('MLI', 'Malí'),
('MLT', 'Malta'),
('MNE', 'Montenegro'),
('MON', 'Mónaco'),
('MOZ', 'Mozambique'),
('MRI', 'Mauricio'),
('MTN', 'Mauritania'),
('MYA', 'Myanmar'),
('NAM', 'Namibia'),
('NCA', 'Nicaragua'),
('NED', 'Holanda'),
('NEP', 'Nepal'),
('NGR', 'Nigeria'),
('NIG', 'Níger'),
('NOR', 'Noruega'),
('NRU', 'Nauru'),
('NZL', 'Nueva Zelanda'),
('OMA', 'Omán'),
('PAK', 'Pakistán'),
('PAN', 'Panamá'),
('PAR', 'Paraguay'),
('PER', 'Perú'),
('PHI', 'Filipinas'),
('PLE', 'Palestina'),
('PLW', 'Palaos'),
('PNG', 'Papúa Nueva Guinea'),
('POL', 'Polonia'),
('POR', 'Portugal'),
('PRK', 'Corea del Norte'),
('PUR', 'Puerto Rico'),
('QAT', 'Catar'),
('ROT', 'ROT'),
('ROU', 'Rumania'),
('RSA', 'Sudáfrica'),
('RUS', 'Rusia'),
('RWA', 'Ruanda'),
('SAM', 'Samoa'),
('SEN', 'Senegal'),
('SEY', 'Seychelles'),
('SIN', 'Singapur'),
('SKN', 'San Cristóbal y Nieves'),
('SLE', 'Sierra Leona'),
('SLO', 'Eslovenia'),
('SMR', 'San Marino'),
('SOL', 'Islas Salomón'),
('SOM', 'Somalia'),
('SRB', 'Serbia'),
('SRI', 'Sri Lanka'),
('SSD', 'Sudán del Sur'),
('STP', 'Santo Tomé y Príncipe'),
('SUD', 'Sudán'),
('SUI', 'Suiza'),
('SUR', 'Surinam'),
('SVK', 'Eslovaquia'),
('SWE', 'Suecia'),
('SWZ', 'Suazilandia'),
('SYR', 'Siria'),
('TAN', 'Tanzania'),
('TGA', 'Tonga'),
('THA', 'Tailandia'),
('TJK', 'Tayikistán'),
('TKM', 'Turkmenistán'),
('TLS', 'Timor Oriental'),
('TOG', 'Togo'),
('TPE', 'China Taipei'),
('TTO', 'Trinidad y Tobago'),
('TUN', 'Túnez'),
('TUR', 'Turquía'),
('TUV', 'Tuvalu'),
('UAE', 'Emiratos Árabes Unidos'),
('UGA', 'Uganda'),
('UKR', 'Ucrania'),
('URU', 'Uruguay'),
('USA', 'Estados Unidos'),
('UZB', 'Uzbekistán'),
('VAN', 'Vanuatu'),
('VEN', 'Venezuela'),
('VIE', 'Vietnam'),
('VIN', 'San Vicente y las Granadinas'),
('YEM', 'Yemen'),
('ZAM', 'Zambia'),
('ZIM', 'Zimbabue');

--
-- Índices para tablas volcadas
--

--
-- Indices de la tabla `deportes`
--
ALTER TABLE `deportes`
  ADD PRIMARY KEY (`codigo`);

--
-- Indices de la tabla `medallas`
--
ALTER TABLE `medallas`
  ADD PRIMARY KEY (`id`),
  ADD KEY `modalidad` (`modalidad`),
  ADD KEY `pais` (`pais`);

--
-- Indices de la tabla `modalidades`
--
ALTER TABLE `modalidades`
  ADD PRIMARY KEY (`codigo`),
  ADD KEY `deporte` (`deporte`);

--
-- Indices de la tabla `paises`
--
ALTER TABLE `paises`
  ADD PRIMARY KEY (`codigo`);

--
-- AUTO_INCREMENT de las tablas volcadas
--

--
-- AUTO_INCREMENT de la tabla `medallas`
--
ALTER TABLE `medallas`
  MODIFY `id` int(11) NOT NULL AUTO_INCREMENT, AUTO_INCREMENT=975;

--
-- Restricciones para tablas volcadas
--

--
-- Filtros para la tabla `medallas`
--
ALTER TABLE `medallas`
  ADD CONSTRAINT `medallas_ibfk_1` FOREIGN KEY (`modalidad`) REFERENCES `modalidades` (`codigo`),
  ADD CONSTRAINT `medallas_ibfk_2` FOREIGN KEY (`pais`) REFERENCES `paises` (`codigo`);

--
-- Filtros para la tabla `modalidades`
--
ALTER TABLE `modalidades`
  ADD CONSTRAINT `modalidades_ibfk_1` FOREIGN KEY (`deporte`) REFERENCES `deportes` (`codigo`);
COMMIT;

/*!40101 SET CHARACTER_SET_CLIENT=@OLD_CHARACTER_SET_CLIENT */;
/*!40101 SET CHARACTER_SET_RESULTS=@OLD_CHARACTER_SET_RESULTS */;
/*!40101 SET COLLATION_CONNECTION=@OLD_COLLATION_CONNECTION */;
